"Symbol","Date","Open","High","Low","Close","Percent Change","Volume"
"AKPL","2023-08-10","213.9","214","210.1","210.4","-0.75","38412"
"AKPL","2023-08-09","207","213","203.4","212","2.17","51879"
"AKPL","2023-08-08","215","215","207.5","207.5","-3.04","41426"
"AKPL","2023-08-07","213","217","210","214","0.47","39179"
"AKPL","2023-08-06","214","216.9","211.5","213","-0.47","35669"
"AKPL","2023-08-03","217.9","218","213.9","214","0.00","34729"
"AKPL","2023-08-02","218","218","211.7","214","-1.15","56886"
"AKPL","2023-08-01","221","222","216.1","216.5","-0.73","54772"
"AKPL","2023-07-31","222","229.5","217.1","218.1","-0.41","48106"
"AKPL","2023-07-30","227","227","218.7","219","-2.23","57214"
"AKPL","2023-07-27","228.5","230.4","222.1","224","-0.88","78665"
"AKPL","2023-07-26","235.7","235.7","225.5","226","-2.21","69404"
"AKPL","2023-07-25","235","235","229","231.1","-0.52","81721"
"AKPL","2023-07-24","230","242.7","230","232.3","0.13","96438"
"AKPL","2023-07-23","226","235.5","223.2","232","2.61","87759"
"AKPL","2023-07-20","228","231.9","223","226.1","-0.62","93412"
"AKPL","2023-07-19","232","232","225","227.5","-0.66","55995"
"AKPL","2023-07-18","232.1","236.4","227.6","229","-1.25","95017"
"AKPL","2023-07-17","234","236.8","227.1","231.9","-1.11","101395"
"AKPL","2023-07-16","238","242","228","234.5","-1.18","61190"
"AKPL","2023-07-13","252","254","237.2","237.3","-4.31","132959"
"AKPL","2023-07-12","228","249.9","227","248","9.15","142299"
"AKPL","2023-07-11","234","237","227","227.2","-2.07","58105"
"AKPL","2023-07-10","222.1","239.5","220","232","6.54","228856"
"AKPL","2023-07-09","338.6","338.6","328","335.5","1.05","362599"
"AKPL","2023-07-06","343","343","330.9","332","-2.92","124937"
"AKPL","2023-07-05","352.5","354","342","342","-2.81","91205"
"AKPL","2023-07-04","355","359","348","351.9","-0.87","53406"
"AKPL","2023-07-03","359","363","352","355","-0.73","116122"
"AKPL","2023-07-02","359","373","357.2","357.6","1.59","160149"
"AKPL","2023-06-28","362","362","350","352","-1.40","66082"
"AKPL","2023-06-27","360","360","347","357","0.88","82716"
"AKPL","2023-06-26","362.1","362.1","348.1","353.9","-0.31","77910"
"AKPL","2023-06-25","358","359","345","355","-0.84","127584"
"AKPL","2023-06-22","366","366","351","358","-0.75","79313"
"AKPL","2023-06-21","360","374.1","360","360.7","-1.66","43541"
"AKPL","2023-06-20","376","378","363","366.8","-2.68","70505"
"AKPL","2023-06-19","379.9","380","371.5","376.9","0.27","59868"
"AKPL","2023-06-18","372","379","371.2","375.9","1.05","58402"
"AKPL","2023-06-15","369","376","368","372","-0.27","47110"
"AKPL","2023-06-14","376.5","384.9","370","373","-0.53","73388"
"AKPL","2023-06-13","370","379.9","367.5","375","0.51","53715"
"AKPL","2023-06-12","381.8","382.7","371","373.1","-0.56","38137"
"AKPL","2023-06-11","370","378","364","375.2","1.46","41819"
"AKPL","2023-06-08","380.3","380.3","367","369.8","-1.39","30489"
"AKPL","2023-06-07","374.7","382","370.6","375","1.35","70179"
"AKPL","2023-06-06","362","370","361","370","1.65","23295"
"AKPL","2023-06-05","371.9","374","362","364","-0.55","29004"
"AKPL","2023-06-04","359","379","359","366","3.98","26694"
"AKPL","2023-06-01","352","354.9","343.1","352","1.15","22219"
"AKPL","2023-05-31","350","362","347","348","-1.97","29693"
"AKPL","2023-05-30","365","365","353.2","355","-2.18","48166"
"AKPL","2023-05-28","372.3","374.7","360.7","362.9","-2.45","45860"
"AKPL","2023-05-24","378","378","367.1","372","0.00","43087"
"AKPL","2023-05-23","365.8","375","361","372","2.20","69848"
"AKPL","2023-05-22","359.4","366","357.2","364","0.00","14351"
"AKPL","2023-05-21","370","372","360.2","364","0.00","37413"
"AKPL","2023-05-18","359.8","372.5","359.8","364","1.17","44086"
"AKPL","2023-05-17","353","363","351","359.8","2.62","23453"
"AKPL","2023-05-16","353.9","357","346","350.6","0.46","34273"
"AKPL","2023-05-15","356","356","344.2","349","-0.00","18797"
"AKPL","2023-05-14","366","366","349","350","-2.97","22537"
"AKPL","2023-05-11","360","363","355","360.7","0.19","16859"
"AKPL","2023-05-10","360","363","355","360","-0.41","22818"
"AKPL","2023-05-09","360.3","370","357","361.5","0.70","32223"
"AKPL","2023-05-08","370.1","375","354","359","-3.00","38600"
"AKPL","2023-05-07","378","378","370.1","370.1","-2.61","13385"
"AKPL","2023-05-04","375","381","371","380","2.51","15140"
"AKPL","2023-05-03","377","384","370.7","370.7","-1.67","17279"
"AKPL","2023-05-02","376.3","381","374.3","377","0.21","22156"
"AKPL","2023-04-30","384.9","384.9","376.2","376.2","-2.26","30365"
"AKPL","2023-04-27","384.6","388","383","384.9","-0.28","24863"
"AKPL","2023-04-26","396.7","396.7","386","386","-0.77","14481"
"AKPL","2023-04-25","384","395.4","383.1","389","-0.26","25779"
"AKPL","2023-04-24","386","394.9","386","390","0.39","11265"
"AKPL","2023-04-23","392","393","388.2","388.5","-0.44","19146"
"AKPL","2023-04-20","395","400","390.2","390.2","-1.69","15213"
"AKPL","2023-04-19","395","398","393.1","396.9","0.99","9970"
"AKPL","2023-04-18","392","397","386.1","393","-0.38","23192"
"AKPL","2023-04-17","402.7","403","391","394.5","-0.15","21407"
"AKPL","2023-04-16","407.9","409.3","395.1","395.1","-2.18","31317"
"AKPL","2023-04-13","413","417","400","403.9","-1.25","49619"
"AKPL","2023-04-12","397.4","410","395.5","409","4.10","69726"
"AKPL","2023-04-11","389.9","393.9","382.6","392.9","1.55","20947"
"AKPL","2023-04-10","381","388.9","376","386.9","1.31","30707"
"AKPL","2023-04-09","385","390","380","381.9","-2.08","42479"
"AKPL","2023-04-06","398","398","385.3","390","-0.48","31115"
"AKPL","2023-04-05","393","395","390.6","391.9","-0.03","21680"
"AKPL","2023-04-04","395","401","390.1","392","-0.76","25403"
"AKPL","2023-04-03","398","400","391.9","395","-0.73","25611"
"AKPL","2023-04-02","405","412.9","395","397.9","-1.75","44517"
"AKPL","2023-03-30","410","410","403","405","0.25","21936"
"AKPL","2023-03-29","405","407","403","404","-0.25","16323"
"AKPL","2023-03-28","412","412","402.1","405","-0.25","39193"
"AKPL","2023-03-27","398","407","395","406","1.50","46250"
"AKPL","2023-03-26","404","406","397","400","-0.99","45851"
"AKPL","2023-03-23","400.2","407","399","404","0.25","57749"
"AKPL","2023-03-22","415","415","402","403","-2.42","70504"
"AKPL","2023-03-20","404","415","404","413","1.47","82605"
"AKPL","2023-03-19","405","408","404","407","0.49","32169"
"AKPL","2023-03-16","406","409.5","403.1","405","-0.49","40465"
"AKPL","2023-03-15","405","413","402.1","407","-0.49","46051"
"AKPL","2023-03-14","411","412","403.1","409","0.52","52507"
"AKPL","2023-03-13","411","412.5","404.1","406.9","-0.51","32731"
"AKPL","2023-03-12","419","422","408.4","409","-1.64","82230"
"AKPL","2023-03-09","402.2","418","399","415.8","5.19","116744"
"AKPL","2023-03-07","387.1","395.4","387","395.3","1.36","37715"
"AKPL","2023-03-05","395","397","390","390","-1.02","32573"
"AKPL","2023-03-02","397","400","393","394","-0.76","46273"
"AKPL","2023-03-01","404.9","404.9","395","397","-0.50","32350"
"AKPL","2023-02-28","395","405.8","395","399","0.25","38734"
"AKPL","2023-02-27","407","407","392.9","398","-1.00","49443"
"AKPL","2023-02-26","392","402.5","385","402","0.50","82819"
"AKPL","2023-02-23","403.1","409","398","400","-2.56","64393"
"AKPL","2023-02-22","401","411","401","410.5","2.39","42277"
"AKPL","2023-02-20","401","407","397.5","400.9","-0.52","52413"
"AKPL","2023-02-16","413","413","402.2","403","-2.42","47463"
"AKPL","2023-02-15","404","418","401","413","2.99","134419"
"AKPL","2023-02-14","403","408","397","401","-0.50","57366"
"AKPL","2023-02-12","414","415","401","403","-4.50","72084"
"AKPL","2023-02-09","425","425","410","422","0.96","57065"
"AKPL","2023-02-08","428","428","413","418","-0.95","95101"
"AKPL","2023-02-07","404","422.5","402.1","422","5.50","115773"
"AKPL","2023-02-06","400","405","397","400","0.00","25421"
"AKPL","2023-02-05","401.5","406","398","400","-0.25","52635"
"AKPL","2023-02-02","407","408.8","395","401","-1.47","65647"
"AKPL","2023-02-01","408","410","405","407","-0.25","23898"
"AKPL","2023-01-31","404.6","413.9","404","408","-0.49","74390"
"AKPL","2023-01-30","416.1","420","408","410","-2.38","93110"
"AKPL","2023-01-29","423","428","416.3","420","-1.64","76745"
"AKPL","2023-01-26","426","428.8","420","427","0.71","110325"
"AKPL","2023-01-25","418","430","410","424","3.16","98342"
"AKPL","2023-01-24","411","417","404","411","-0.48","64201"
"AKPL","2023-01-23","425","426.1","410","413","-1.90","71364"
"AKPL","2023-01-19","421","429.4","417.5","421","-0.24","60671"
"AKPL","2023-01-18","426","440","415","422","0.24","196928"
"AKPL","2023-01-17","399.9","426","399.9","421","3.19","96215"
"AKPL","2023-01-12","432.4","441","407","408","-3.77","191415"
"AKPL","2023-01-10","438","460.9","420.1","424","-2.51","300480"
"AKPL","2023-01-09","416","439","415","434.9","4.29","139025"
"AKPL","2023-01-08","415","422","404","417","1.46","160826"
"AKPL","2023-01-05","412","421","400","411","1.73","134613"
"AKPL","2023-01-04","397","405","389","404","3.06","89972"
"AKPL","2023-01-03","396","400","387.1","392","-0.76","71676"
"AKPL","2023-01-02","381","397","375","395","1.80","75575"
"AKPL","2023-01-01","386","402","373","388","2.37","117367"
"AKPL","2022-12-29","360","380","360","379","5.28","96450"
"AKPL","2022-12-28","365","371","353","360","-1.37","70940"
"AKPL","2022-12-27","357.9","372","354.1","365","3.69","96306"
"AKPL","2022-12-26","334","352","329","352","7.48","43692"
"AKPL","2022-12-22","331","331","325","327.5","-1.36","22264"
"AKPL","2022-12-21","330","332.4","330","332","-0.03","7440"
"AKPL","2022-12-20","337","337","328.5","332.1","0.18","10236"
"AKPL","2022-12-19","335.8","335.8","330","331.5","-0.15","11225"
"AKPL","2022-12-18","341","341","332","332","-2.64","25745"
"AKPL","2022-12-15","340.3","344.6","340","341","-0.58","18122"
"AKPL","2022-12-14","342.1","346.7","342.1","343","0.00","15365"
"AKPL","2022-12-13","345","350","343","343","-2.28","19850"
"AKPL","2022-12-12","342.2","351","340.3","351","2.57","28871"
"AKPL","2022-12-11","343.2","345.1","340","342.2","-1.61","21248"
"AKPL","2022-12-07","349.1","349.1","342.5","347.8","0.52","16147"
"AKPL","2022-12-06","350","351","345.3","346","-1.14","16218"
"AKPL","2022-12-05","357","358","348.1","350","-1.96","25870"
"AKPL","2022-12-04","355.5","360","353","357","0.42","30328"
"AKPL","2022-12-01","355","359","353.1","355.5","-0.70","30097"
"AKPL","2022-11-30","360","360","353","358","0.03","17620"
"AKPL","2022-11-29","352.1","359.9","350","357.9","0.25","12677"
"AKPL","2022-11-28","362","365.9","350","357","-1.11","37033"
"AKPL","2022-11-27","358","362","352.1","361","2.56","29083"
"AKPL","2022-11-24","350","354.9","347.2","352","-0.28","20132"
"AKPL","2022-11-23","355","358","348.5","353","0.00","27597"
"AKPL","2022-11-22","358","367.2","352.1","353","0.00","42992"
"AKPL","2022-11-17","354","361","351","353","1.15","53334"
"AKPL","2022-11-16","352","353","345","349","0.61","24371"
"AKPL","2022-11-15","350","357","342","346.9","-0.89","24851"
"AKPL","2022-11-14","343.1","353.9","343","350","0.86","12106"
"AKPL","2022-11-13","346.1","357","342.1","347","-1.56","23718"
"AKPL","2022-11-10","363","366","352","352.5","-1.54","32764"
"AKPL","2022-11-09","368.1","371","358","358","-2.98","43346"
"AKPL","2022-11-08","376","376.8","368","369","-1.57","22420"
"AKPL","2022-11-07","380","384","373","374.9","-0.82","61034"
"AKPL","2022-11-06","363","382","360","378","4.21","55169"
"AKPL","2022-11-03","407","414","397","399","-2.18","85959"
"AKPL","2022-11-02","405","410","393","407.9","2.72","84395"
"AKPL","2022-11-01","382","399.7","378","397.1","5.05","36958"
"AKPL","2022-10-31","378","385","377","378","1.07","36557"
"AKPL","2022-10-23","366","376","366","374","0.54","18480"
"AKPL","2022-10-20","370.5","375","367","372","0.27","22225"
"AKPL","2022-10-19","381","381","370","371","-1.90","30861"
"AKPL","2022-10-17","377","385","377","378.2","-0.99","16226"
"AKPL","2022-10-16","388","388","378.3","382","-1.80","41920"
"AKPL","2022-10-13","385","392","383","389","0.31","51464"
"AKPL","2022-10-12","375","385.3","373","382.5","1.76","32624"
"AKPL","2022-10-11","380","380","370.2","375.9","-0.03","19429"
"AKPL","2022-10-10","392","393","375","376","-2.84","30506"
"AKPL","2022-10-09","382","388","378.1","387","2.52","37233"
"AKPL","2022-09-29","377","380","375","377.5","0.77","29056"
"AKPL","2022-09-28","380.6","382.5","374","374.6","0.38","16118"
"AKPL","2022-09-27","374","385.9","370.6","373.2","0.59","41674"
"AKPL","2022-09-25","382","383","369.9","371","-3.64","59507"
"AKPL","2022-09-22","396","397","384","385","-2.53","39424"
"AKPL","2022-09-21","399.8","401","392.1","395","0.51","25936"
"AKPL","2022-09-20","406","409.3","392","393","-2.60","82173"
"AKPL","2022-09-18","416","419","403","403.5","-3.21","52299"
"AKPL","2022-09-16","415","420","405.1","416.9","-0.95","62353"
"AKPL","2022-09-15","440","442","420.1","420.9","-4.95","113030"
"AKPL","2022-09-14","426","443","426","442.8","4.43","64052"
"AKPL","2022-09-13","421","429","415.6","424","0.71","88463"
"AKPL","2022-09-12","424","427","418","421","-1.84","44745"
"AKPL","2022-09-11","434","438.9","427","428.9","-1.18","23035"
"AKPL","2022-09-08","437","440","427","434","0.23","27822"
"AKPL","2022-09-07","436","437","430.5","433","-0.53","24179"
"AKPL","2022-09-06","442","443","435","435.3","-1.52","37779"
"AKPL","2022-09-05","452","454","441","442","-1.36","27254"
"AKPL","2022-09-04","459","459","448","448.1","-0.42","45296"
"AKPL","2022-09-02","444","450","439","450","1.58","55611"
"AKPL","2022-09-01","439","447","433.1","443","0.25","87080"
"AKPL","2022-08-31","455","455","441","441.9","-1.87","60243"
"AKPL","2022-08-30","462","463","450.3","450.3","-2.11","34704"
"AKPL","2022-08-29","473.2","473.2","453.8","460","-0.86","109191"
"AKPL","2022-08-28","463","478","461","464","-1.28","221324"
"AKPL","2022-08-26","475","478","467.1","470","0.00","100563"
"AKPL","2022-08-25","490","492.6","470","470","-2.69","150997"
"AKPL","2022-08-24","459.9","485","459","483","5.25","353606"
"AKPL","2022-08-23","457","459","450","458.9","1.08","53955"
"AKPL","2022-08-22","455.1","457","446.1","454","-0.22","54214"
"AKPL","2022-08-21","465","465","453","455","-0.66","69966"
"AKPL","2022-08-18","448","469","448","458","2.46","120670"
"AKPL","2022-08-17","451.9","455","442.9","447","0.88","51450"
"AKPL","2022-08-16","462.9","467","443.1","443.1","-2.38","88768"
"AKPL","2022-08-15","430","453.9","430","453.9","5.56","90311"
"AKPL","2022-08-14","436.5","444","428.2","430","-1.85","53811"
"AKPL","2022-08-11","450","453.9","438","438.1","-1.55","76863"
"AKPL","2022-08-10","455","459","443","445","-1.11","74541"
"AKPL","2022-08-09","468","468.9","447.9","450","-4.05","125829"
"AKPL","2022-08-08","479","483","468","469","-1.26","80033"
"AKPL","2022-08-07","472.1","484","471","475","0.00","81241"
"AKPL","2022-08-05","480","487.9","471","475","-1.04","117525"
"AKPL","2022-08-04","500","500","480","480","-2.81","125385"
"AKPL","2022-08-03","493.5","504","493","493.9","0.37","131928"
"AKPL","2022-08-02","495","497","487.1","492.1","0.43","82590"
"AKPL","2022-08-01","499","506","487","490","-0.31","144073"
"AKPL","2022-07-31","500","503","488","491.5","-0.71","142444"
"AKPL","2022-07-29","500","503","492","495","-1.00","82852"
"AKPL","2022-07-28","513","519","488","500","-2.31","354977"
"AKPL","2022-07-27","487","513.9","485","511.8","3.41","246815"
"AKPL","2022-07-26","505","510","488","494.9","-1.02","310713"
"AKPL","2022-07-25","470","507","466.1","500","6.41","299727"
"AKPL","2022-07-24","457","469.9","447.9","469.9","4.77","134209"
"AKPL","2022-07-22","457","461","446","448.5","-1.86","75883"
"AKPL","2022-07-21","470","470","456","457","-1.93","58750"
"AKPL","2022-07-20","470","474","461","466","-0.43","90609"
"AKPL","2022-07-19","464.9","474.9","461","468","1.28","126852"
"AKPL","2022-07-18","464.9","466","456.3","462.1","-0.62","41399"
"AKPL","2022-07-17","463","469","450.1","465","1.31","100519"
"AKPL","2022-07-15","468","468","450","459","-0.52","94823"
"AKPL","2022-07-14","474","477.9","454.2","461.4","-1.81","114589"
"AKPL","2022-07-13","455","471","450","469.9","3.96","139532"
"AKPL","2022-07-12","434","453.9","425","452","5.85","179993"
"AKPL","2022-07-11","445","445","427","427","-5.74","137285"
"AKPL","2022-07-08","478.3","478.3","452","453","-3.41","82569"
"AKPL","2022-07-07","487.5","490","466.5","469","-1.88","132435"
"AKPL","2022-07-06","487.5","487.5","465.1","478","0.00","132933"
"AKPL","2022-07-05","464","484.5","452","478","3.24","249824"
"AKPL","2022-07-04","468","484","453.1","463","0.89","250633"
"AKPL","2022-07-03","439","467","431","458.9","4.53","133229"
"AKPL","2022-07-01","456","456","437.3","439","-2.01","56615"
"AKPL","2022-06-30","436","452.8","425","448","4.43","131489"
"AKPL","2022-06-29","410","432.9","400","429","5.85","94326"
"AKPL","2022-06-28","410","416","403","405.3","-1.86","35787"
"AKPL","2022-06-27","431.1","437","412","413","-3.73","103544"
"AKPL","2022-06-26","397","429.9","394","429","9.72","96853"
"AKPL","2022-06-24","375.1","401","369.2","391","2.36","50856"
"AKPL","2022-06-23","392","398","378.5","382","-4.50","79456"
"AKPL","2022-06-22","410","411","397","400","-2.44","33105"
"AKPL","2022-06-21","396","420","395","410","1.76","45438"
"AKPL","2022-06-20","414","414","400","402.9","-3.82","96069"
"AKPL","2022-06-19","432","437.9","416","418.9","-3.01","44746"
"AKPL","2022-06-17","442","442","430","431.9","-1.17","17059"
"AKPL","2022-06-16","435.5","444","421","437","2.34","55236"
"AKPL","2022-06-15","445.8","445.8","423","427","-2.31","58782"
"AKPL","2022-06-14","441","453","434","437.1","-2.43","59035"
"AKPL","2022-06-13","451","455","445","448","0.22","21514"
"AKPL","2022-06-10","452","455","444","447","-0.67","39196"
"AKPL","2022-06-09","466","467","448.9","450","-1.96","86866"
"AKPL","2022-06-08","441","465","440","459","4.32","79857"
"AKPL","2022-06-07","449","451","439","440","-1.79","63278"
"AKPL","2022-06-06","453","458.9","443","448","0.00","68607"
"AKPL","2022-06-03","459","460","448","448","-1.32","55239"
"AKPL","2022-06-02","462","465","453","454","-1.09","45064"
"AKPL","2022-06-01","451.3","460","451.1","459","1.71","63423"
"AKPL","2022-05-31","458","460","450.1","451.3","-1.46","62635"
"AKPL","2022-05-30","476","476","454.2","458","-1.93","51587"
"AKPL","2022-05-27","483.5","485","461","467","-2.51","81485"
"AKPL","2022-05-26","478","481","472","479","0.67","84603"
"AKPL","2022-05-25","474.1","481","465","475.8","2.34","99536"
"AKPL","2022-05-24","451.3","470","449","464.9","3.08","97226"
"AKPL","2022-05-23","457.1","460.1","449.1","451","-3.22","61087"
"AKPL","2022-05-20","461","473","457","466","1.08","64809"
"AKPL","2022-05-19","464","475","455.1","461","-0.65","67041"
"AKPL","2022-05-18","433","472.2","426.4","464","0.05","80103"
"AKPL","2022-05-17","466","466","441","441.2","-5.50","91591"
"AKPL","2022-05-12","475","484","460.6","466.9","-1.56","121858"
"AKPL","2022-05-11","440","475","437","474.3","9.03","105202"
"AKPL","2022-05-10","402","439.5","396","435","8.21","73225"
"AKPL","2022-05-09","405","414","396.9","402","0.25","53284"
"AKPL","2022-05-08","391.6","402","379","401","4.43","31493"
"AKPL","2022-05-05","391","396","377.3","384","-2.04","47748"
"AKPL","2022-05-04","398","405.8","386","392","-1.51","31820"
"AKPL","2022-05-02","415","418","396","398","-5.03","49825"
"AKPL","2022-04-28","431","435.5","418.8","419.1","-1.85","46800"
"AKPL","2022-04-27","412.4","428.4","412","427","1.67","33066"
"AKPL","2022-04-26","421","433","418","420","-1.64","29371"
"AKPL","2022-04-25","435","445.6","419","427","0.00","63367"
"AKPL","2022-04-24","392","428","392","427","9.74","83160"
"AKPL","2022-04-21","390","395","379.3","389.1","0.28","45659"
"AKPL","2022-04-20","402","402","387","388","-2.27","31811"
"AKPL","2022-04-19","396","403","385","397","0.25","42323"
"AKPL","2022-04-18","417","417","395","396","-4.12","68487"
"AKPL","2022-04-17","433","435","412","413","-3.28","48381"
"AKPL","2022-04-13","431.9","436","420","427","-0.42","32929"
"AKPL","2022-04-12","438","438","428.8","428.8","-2.10","39407"
"AKPL","2022-04-11","457.9","465","435","438","-2.45","59237"
"AKPL","2022-04-07","445","453","441","449","1.58","41705"
"AKPL","2022-04-06","450","455","437.1","442","-1.56","56845"
"AKPL","2022-04-05","462","469.9","443","449","-2.81","76643"
"AKPL","2022-04-04","463","473.9","460.1","462","-0.86","36309"
"AKPL","2022-04-03","484","484","465","466","-2.31","28832"
"AKPL","2022-03-31","490","495","475.3","477","-2.45","41418"
"AKPL","2022-03-30","479","490","470","489","3.27","52095"
"AKPL","2022-03-29","490","492","471","473.5","-2.09","53178"
"AKPL","2022-03-28","482.3","497.6","482.3","483.6","-0.49","43440"
"AKPL","2022-03-27","503","507","485.1","486","-3.19","57833"
"AKPL","2022-03-24","510","514","501","502","-1.95","44146"
"AKPL","2022-03-23","514.1","520","510","512","-1.16","28244"
"AKPL","2022-03-22","530","530","518","518","-1.31","51894"
"AKPL","2022-03-21","505","529","500","524.9","3.94","78753"
"AKPL","2022-03-20","512","515","503","505","-0.20","50481"
"AKPL","2022-03-16","517","517","505","506","-0.59","40556"
"AKPL","2022-03-15","520","520","507","509","-1.76","62526"
"AKPL","2022-03-14","525","525","514","518.1","-0.94","17359"
"AKPL","2022-03-13","510","525","510","523","3.56","105985"
"AKPL","2022-03-10","479","506.9","477","505","5.87","78232"
"AKPL","2022-03-09","491.9","501.7","475.3","477","-3.03","67492"
"AKPL","2022-03-07","504","509","490","491.9","-2.38","74283"
"AKPL","2022-03-06","517","522","500","503.9","-1.58","93807"
"AKPL","2022-03-02","520.1","527","508","512","-3.40","114000"
"AKPL","2022-02-28","549.7","560.6","526.6","530","-1.67","168382"
"AKPL","2022-02-27","532","550.8","529","539","1.32","105006"
"AKPL","2022-02-24","547","547","530","532","-2.74","88148"
"AKPL","2022-02-23","550","557","546","547","-0.18","45152"
"AKPL","2022-02-22","550","557","545.1","548","0.74","64126"
"AKPL","2022-02-21","536","545","529","544","1.12","58823"
"AKPL","2022-02-20","533.2","550","515.5","538","-1.10","125018"
"AKPL","2022-02-17","544","548.8","534.5","544","0.18","67702"
"AKPL","2022-02-16","565","566","540.1","543","-2.34","69713"
"AKPL","2022-02-15","542","556.9","533","556","4.32","87996"
"AKPL","2022-02-14","534","544.6","529","533","-0.19","94614"
"AKPL","2022-02-13","548.2","548.9","533","534","-4.52","181856"
"AKPL","2022-02-10","565","573","555","559.3","-1.27","95207"
"AKPL","2022-02-09","565","580","561.6","566.5","-1.13","88804"
"AKPL","2022-02-08","590","611","569","573","0.00","195074"
"AKPL","2022-02-07","571.6","589.9","571.6","578.9","-0.74","184107"
"AKPL","2022-02-06","601","601","578.2","583.2","-2.96","245787"
"AKPL","2022-02-03","612","624","600","601","0.17","391839"
"AKPL","2022-02-01","590","605","570","600","3.47","402686"
"AKPL","2022-01-31","592.6","592.6","570","579.9","-0.19","155740"
"AKPL","2022-01-30","551","582","551","581","7.39","185790"
"AKPL","2022-01-27","540","549","539","541","0.19","80899"
"AKPL","2022-01-26","547","555","535.2","540","-2.35","141732"
"AKPL","2022-01-25","558","571","540","553","-0.90","155695"
"AKPL","2022-01-24","585","585","550","558","-4.62","322001"
"AKPL","2022-01-23","604","607.9","583","585","-1.85","131384"
"AKPL","2022-01-20","577","598","571","596","3.11","165848"
"AKPL","2022-01-19","587","596","570.4","578","-1.53","193561"
"AKPL","2022-01-18","614.9","614.9","580","587","-2.64","211932"
"AKPL","2022-01-17","583.2","606","575","602.9","3.38","274580"
"AKPL","2022-01-16","585.4","600","578","583.2","1.60","235708"
"AKPL","2022-01-13","548","574.9","538.1","574","6.30","238036"
"AKPL","2022-01-12","554","565","540","540","-2.17","208057"
"AKPL","2022-01-11","557","559.9","540.2","552","0.55","142738"
"AKPL","2022-01-10","560","565","543","549","-1.40","204840"
"AKPL","2022-01-09","535","559","530","556.8","5.86","250424"
"AKPL","2022-01-06","514","527","509","526","2.33","118617"
"AKPL","2022-01-05","514","527","511","514","-0.04","120607"
"AKPL","2022-01-04","508","516","497.1","514.2","1.84","83363"
"AKPL","2022-01-03","514","515","500","504.9","-0.22","112793"
"AKPL","2022-01-02","493","506.9","490","506","2.64","82669"
"AKPL","2021-12-29","501.9","502","490","493","0.00","79157"
"AKPL","2021-12-28","497","501","472","493","1.02","93245"
"AKPL","2021-12-27","521","524","486.3","488","-5.43","177984"
"AKPL","2021-12-26","525","530","512","516","-0.79","124529"
"AKPL","2021-12-23","535","540","520","520.1","-1.87","152496"
"AKPL","2021-12-22","502","530","500","530","7.51","168665"
"AKPL","2021-12-21","483","494","476","493","3.79","85423"
"AKPL","2021-12-20","486","497","471.2","475","-2.36","84121"
"AKPL","2021-12-16","510","510","485.1","486.5","-3.85","108126"
"AKPL","2021-12-15","513","534.4","495","506","0.44","220174"
"AKPL","2021-12-14","467","503.8","460","503.8","10.00","94999"
"AKPL","2021-12-13","472.4","489.9","450","458","-4.98","196899"
"AKPL","2021-12-12","506.5","522.2","478","482","-5.86","138457"
"AKPL","2021-12-09","511","525.2","505","512","-1.35","116336"
"AKPL","2021-12-08","530","542","515","519","-3.71","134136"
"AKPL","2021-12-07","565.6","571","536.2","539","-3.75","118755"
"AKPL","2021-12-06","539","563","515","560","3.70","211539"
"AKPL","2021-12-05","563","574.2","538.5","540","-5.92","169159"
"AKPL","2021-12-02","599","599","568.1","574","-2.55","110598"
"AKPL","2021-12-01","580","592","580","589","1.55","90259"
"AKPL","2021-11-30","589.9","590","574","580","0.00","103984"
"AKPL","2021-11-29","586","605","577","580","-1.02","113827"
"AKPL","2021-11-28","600","610","585","586","-4.25","203824"
"AKPL","2021-11-25","620","624.5","610","612","-0.97","83490"
"AKPL","2021-11-24","615","626.2","595","618","0.32","208566"
"AKPL","2021-11-23","625","635","613","616","-2.69","156637"
"AKPL","2021-11-22","639","640.9","626","633","0.96","234581"
"AKPL","2021-11-21","610","635.4","603.7","627","1.79","229197"
"AKPL","2021-11-18","630","647.7","615","616","-2.22","164322"
"AKPL","2021-11-17","632.4","654","621","630","1.61","302488"
"AKPL","2021-11-16","624","624","610","620","0.99","122858"
"AKPL","2021-11-15","612","623","610","613.9","2.32","101843"
"AKPL","2021-11-14","597.7","615","586","600","2.39","217525"
"AKPL","2021-11-11","604","609.8","577","586","-4.17","213717"
"AKPL","2021-11-09","645","645","605","611.5","-5.49","265901"
"AKPL","2021-11-08","657.9","669.9","646","647","0.31","136643"
"AKPL","2021-11-03","612","660","612","645","7.50","337120"
"AKPL","2021-11-02","587","604","575.3","600","2.21","122954"
"AKPL","2021-11-01","616","624","586","587","-3.61","195198"
"AKPL","2021-10-31","579.3","614","563","609","7.22","160421"
"AKPL","2021-10-28","540","575","535","568","3.27","165688"
"AKPL","2021-10-27","552","565.5","530","550","-0.36","210701"
"AKPL","2021-10-26","526.2","567","523","552","7.00","190626"
"AKPL","2021-10-25","475","515.9","474","515.9","10.00","136864"
"AKPL","2021-10-24","450","472","444","469","4.22","85361"
"AKPL","2021-10-21","465","468","449","450","-2.17","61033"
"AKPL","2021-10-20","448","475","446","460","4.55","57342"
"AKPL","2021-10-19","464","465","432","440","-5.17","131685"
"AKPL","2021-10-18","475","475.3","452.1","464","-3.33","108734"
"AKPL","2021-10-17","485","488","466.5","480","0.84","23174"
"AKPL","2021-10-11","474","482.7","466.1","476","-1.24","66133"
"AKPL","2021-10-10","502","502","480.2","482","-2.23","80592"
"AKPL","2021-10-06","476","497.2","471","493","4.89","85860"
"AKPL","2021-10-05","462","475","455","470","3.64","67748"
"AKPL","2021-10-04","463","480","450","453.5","-3.92","121078"
"AKPL","2021-10-03","494","500","466","472","-4.45","148050"
"AKPL","2021-09-30","520","526","491","494","-4.08","130752"
"AKPL","2021-09-29","486","525","466","515","5.97","236151"
"AKPL","2021-09-28","524","544","480.3","486","-7.25","249406"
"AKPL","2021-09-27","564","585","522","524","-5.24","207373"
"AKPL","2021-09-26","590","593","550","553","-6.46","200221"
"AKPL","2021-09-23","621.1","621.1","590","591.2","-2.92","147108"
"AKPL","2021-09-22","576.1","612","576","609","7.81","186345"
"AKPL","2021-09-21","550","588","510","564.9","2.71","272544"
"AKPL","2021-09-20","599","600","540","550","-8.18","265478"
"AKPL","2021-09-16","615","620","591","599","-4.50","263033"
"AKPL","2021-09-15","640","644","625.5","627.2","-2.00","179012"
"AKPL","2021-09-14","662","662","630.5","640","-1.48","138028"
"AKPL","2021-09-13","668.7","695.6","643","649.6","-0.92","303844"
"AKPL","2021-09-12","607.9","655.6","607.9","655.6","10.00","286139"
"AKPL","2021-09-09","589","606","578.2","596","2.92","192883"
"AKPL","2021-09-08","600","603","577.3","579.1","-3.47","109071"
"AKPL","2021-09-07","605","628","572","599.9","0.84","227199"
"AKPL","2021-09-06","540","594.9","530","594.9","9.98","276714"
"AKPL","2021-09-05","589","590","540.9","540.9","-10.00","326478"
"AKPL","2021-09-02","645","652","592","601","-6.09","289654"
"AKPL","2021-09-01","659","669","633.1","640","-2.88","181760"
"AKPL","2021-08-31","694","694.6","658","659","-3.23","341688"
"AKPL","2021-08-29","843.5","860","793.1","797","-3.63","1069649"
"AKPL","2021-08-26","795","850","788","827","4.83","551272"
"AKPL","2021-08-25","777","821","745","788.9","1.47","624251"
"AKPL","2021-08-24","814","823","775.1","777.5","-6.38","905177"
"AKPL","2021-08-19","818.2","882.4","805","830.5","3.53","1382304"
"AKPL","2021-08-18","743.8","802.2","743.8","802.2","10.00","125488"
"AKPL","2021-08-17","675","729.3","666","729.3","10.00","843940"
"AKPL","2021-08-16","668","672","643","663","1.22","291545"
"AKPL","2021-08-15","674.3","679","635","655","-4.80","720863"
"AKPL","2021-08-12","698.7","715","681","688","0.44","579592"
"AKPL","2021-08-11","630","686","630","685","9.78","840637"
"AKPL","2021-08-10","635","645","618","624","-1.11","660814"
"AKPL","2021-08-09","631","637","617.1","631","1.94","507218"
"AKPL","2021-08-08","598","626","585","619","4.31","534026"
"AKPL","2021-08-05","627","627","592","593.4","-3.51","474739"
"AKPL","2021-08-04","600","621","591","615","4.08","681327"
"AKPL","2021-08-03","595","595","575","590.9","1.18","319578"
"AKPL","2021-08-02","592.6","619","576.3","584","0.52","638039"
"AKPL","2021-08-01","566","586.5","566","581","3.20","325963"
"AKPL","2021-07-29","570","575","555","563","-0.35","280372"
"AKPL","2021-07-28","596.7","609","565","565","-3.42","446786"
"AKPL","2021-07-27","560","596","558","585","4.90","457237"
"AKPL","2021-07-26","581","586","556","557.7","-2.16","340135"
"AKPL","2021-07-25","524","576.4","520","570","8.78","628087"
"AKPL","2021-07-22","543.6","543.6","518","524","-1.69","418366"
"AKPL","2021-07-20","529.3","544","511","533","2.70","730416"
"AKPL","2021-07-19","500","521","489","519","5.70","537864"
"AKPL","2021-07-18","483","499","483","491","3.59","253647"
"AKPL","2021-07-15","470","487","460","474","3.49","284343"
"AKPL","2021-07-14","457","458","447","458","1.78","86836"
"AKPL","2021-07-13","471","471","441","450","0.22","100089"
"AKPL","2021-07-12","465","469","437","449","-1.54","204397"
"AKPL","2021-07-11","435","457","435","456","5.31","193425"
"AKPL","2021-07-08","428","435","425","433","1.41","87975"
"AKPL","2021-07-07","401","431","401","427","1.18","105707"
"AKPL","2021-07-06","427","438","421","422","0.00","64447"
"AKPL","2021-07-05","435","435","421","422","-1.17","66851"
"AKPL","2021-07-04","439","440","426","427","-1.39","96041"
"AKPL","2021-07-01","430","440","425","433","1.88","189336"
"AKPL","2021-06-30","444","444","414","425","0.47","161003"
"AKPL","2021-06-29","432","448","421","423","-2.53","138501"
"AKPL","2021-06-28","448","448","433","434","-1.36","115388"
"AKPL","2021-06-27","445","453","436","440","0.92","143558"
"AKPL","2021-06-24","445","455","425","436","-0.23","184146"
"AKPL","2021-06-23","469","475","437","437","-5.00","201232"
"AKPL","2021-06-22","435","462","414","460","7.48","328726"
"AKPL","2021-06-21","470","470","427","428","-5.31","341219"
"AKPL","2021-06-20","478","481","441","452","-4.64","325637"
"AKPL","2021-06-17","475","490","460","474","-0.21","284274"
"AKPL","2021-06-16","471","510","460","475","-4.04","512685"
"AKPL","2021-06-15","514","517","493","495","-3.70","525578"
"AKPL","2021-06-14","553","553","503","514","-2.47","772074"
"AKPL","2021-06-13","505","530","493","527","7.55","790346"
"AKPL","2021-06-10","487","508","463","490","5.60","606929"
"AKPL","2021-06-09","458","476","445","464","0.03","510093"
"AKPL","2021-06-08","477","477","452","452","-0.66","476407"
"AKPL","2021-06-07","438","457","435","455","4.84","392597"
"AKPL","2021-06-06","440","441","424","434","-1.14","349036"
"AKPL","2021-06-03","452","464","435","439","-2.88","333442"
"AKPL","2021-06-02","456","459","430","452","3.91","327969"
"AKPL","2021-06-01","415","441","415","435","1.87","366669"
"AKPL","2021-05-31","431","470","421","427","-5.74","606893"
"AKPL","2021-05-30","486","486","443","453","-2.16","1012079"
"AKPL","2021-05-27","415","463","412","463","9.98","836448"
"AKPL","2021-05-25","400","424","390","421","7.95","825687"
"AKPL","2021-05-24","390","397","385","390","0.26","530132"
"AKPL","2021-05-23","362","391","361","389","2.91","397528"
"AKPL","2021-05-20","377","382","373","378","-0.53","310631"
"AKPL","2021-05-19","412","412","376","380","-3.31","483778"
"AKPL","2021-05-18","397","402","380","393","3.69","799163"
"AKPL","2021-05-17","369","380","365","379","4.12","668227"
"AKPL","2021-05-16","380","380","362","364","0.55","495370"
"AKPL","2021-05-13","355","365","352","362","2.55","599643"
"AKPL","2021-05-12","342","354","342","353","2.02","220023"
"AKPL","2021-05-11","347","349","343","346","0.58","146524"
"AKPL","2021-05-10","342","350","341","344","0.58","113699"
"AKPL","2021-05-09","350","353","342","342","-1.72","163371"
"AKPL","2021-05-06","360","360","345","348","-2.25","329436"
"AKPL","2021-05-05","351","361","350","356","1.42","384481"
"AKPL","2021-05-04","335","358","335","351","3.24","624687"
"AKPL","2021-05-03","325","349","325","340","-0.58","161883"
"AKPL","2021-05-02","344","348","338","342","0.59","186531"
"AKPL","2021-04-29","352","352","336","340","1.19","191298"
"AKPL","2021-04-28","345","345","333","336","-1.75","72840"
"AKPL","2021-04-27","325","345","323","342","5.23","192255"
"AKPL","2021-04-26","337","340","324","325","-3.85","226564"
"AKPL","2021-04-25","354","354","334","338","-3.15","247852"
"AKPL","2021-04-22","356","356","345","349","-0.29","185879"
"AKPL","2021-04-21","365","366","349","350","-2.78","323315"
"AKPL","2021-04-20","336","363","336","360","5.57","404412"
"AKPL","2021-04-19","352","355","339","341","-2.85","289675"
"AKPL","2021-04-18","340","360","339","351","4.46","761142"
"AKPL","2021-04-15","351","351","331","336","0.30","184237"
"AKPL","2021-04-13","335","337","330","335","0.60","116361"
"AKPL","2021-04-12","320","343","320","333","0.91","116158"
"AKPL","2021-04-08","336","339","330","330","-0.90","93817"
"AKPL","2021-04-07","350","350","332","333","-2.06","203537"
"AKPL","2021-04-06","332","346","328","340","1.80","364925"
"AKPL","2021-04-05","337","340","330","334","-0.60","148903"
"AKPL","2021-04-04","340","344","334","336","-0.30","118741"
"AKPL","2021-04-01","326","346","326","337","2.12","216523"
"AKPL","2021-03-31","335","336","329","330","0.30","83567"
"AKPL","2021-03-30","325","332","325","329","0.00","63744"
"AKPL","2021-03-29","330","332","325","329","-1.79","59879"
"AKPL","2021-03-25","345","346","333","335","-2.62","201670"
"AKPL","2021-03-24","338","345","332","344","2.99","294418"
"AKPL","2021-03-23","305","339","305","334","4.05","314289"
"AKPL","2021-03-22","315","325","310","321","1.58","131308"
"AKPL","2021-03-21","332","332","314","316","-0.32","60649"
"AKPL","2021-03-18","312","317","309","317","2.26","260206"
"AKPL","2021-03-17","308","314","308","310","0.32","49039"
"AKPL","2021-03-16","305","315","305","309","0.00","47327"
"AKPL","2021-03-15","313","318","307","309","-2.22","87792"
"AKPL","2021-03-14","320","323","310","316","-1.25","92310"
"AKPL","2021-03-10","319","324","317","320","0.95","52766"
"AKPL","2021-03-09","317","326","313","317","0.00","188870"
"AKPL","2021-03-08","330","330","314","317","-2.16","62313"
"AKPL","2021-03-04","300","326","300","324","6.58","115157"
"AKPL","2021-03-03","302","309","301","304","-0.33","111582"
"AKPL","2021-03-02","317","318","303","305","-3.48","113061"
"AKPL","2021-03-01","305","320","301","316","0.00","92277"
"AKPL","2021-02-28","338","338","304","309","-4.04","155933"
"AKPL","2021-02-25","341","341","318","322","0.00","110762"
"AKPL","2021-02-24","335","340","325","325","-1.22","101981"
"AKPL","2021-02-23","328","333","316","329","0.00","127744"
"AKPL","2021-02-22","334","345","328","329","-1.50","143616"
"AKPL","2021-02-21","330","345","329","334","0.01","167804"
"AKPL","2021-02-18","331","336","329","330","-0.01","131578"
"AKPL","2021-02-17","340","340","330","333","-0.01","185035"
"AKPL","2021-02-16","338","344","330","336","-0.01","253082"
"AKPL","2021-02-15","336","347","332","338","0.02","231045"
"AKPL","2021-02-14","350","350","325","331","-0.01","132596"
"AKPL","2021-02-11","347","347","328","336","0.02","467947"
"AKPL","2021-02-10","355","355","330","331","-0.02","292000"
"AKPL","2021-02-09","332","357","332","335","-0.04","212237"
"AKPL","2021-02-08","359","362","344","349","-0.02","401850"
"AKPL","2021-02-07","345","368","345","355","0.04","496380"
"AKPL","2021-02-04","335","346","318","340","0.04","498709"
"AKPL","2021-02-03","320","335","310","327","0.07","943804"
"AKPL","2021-02-02","299","306","293","305","0.04","304360"
"AKPL","2021-02-01","303","303","287","294","0.02","119453"
"AKPL","2021-01-31","294","295","284","289","-0.03","155261"
"AKPL","2021-01-28","302","306","293","297","-0.01","232443"
"AKPL","2021-01-27","303","309","296","301","0.01","190866"
"AKPL","2021-01-26","300","311","295","299","0.00","275916"
"AKPL","2021-01-25","305","314","295","298","-0.02","276130"
"AKPL","2021-01-24","315","326","303","305","0.02","506533"
"AKPL","2021-01-21","275","300","269","300","0.10","475655"
"AKPL","2021-01-20","265","274","265","273","0.01","124299"
"AKPL","2021-01-19","272","274","267","269","-0.01","151379"
"AKPL","2021-01-18","270","279","270","272","-0.01","132709"
"AKPL","2021-01-17","278","280","272","276","-0.00","147702"
"AKPL","2021-01-13","270","277","269","277","0.04","253995"
"AKPL","2021-01-12","282","282","264","266","-0.01","116448"
"AKPL","2021-01-11","264","275","262","269","0.02","80629"
"AKPL","2021-01-10","267","272","263","264","-0.00","146086"
"AKPL","2021-01-07","272","272","261","265","-0.01","153465"
"AKPL","2021-01-06","286","286","266","269","-0.01","138740"
"AKPL","2021-01-05","276","278","264","273","0.04","309970"
"AKPL","2021-01-04","259","273","259","263","0.02","191806"
"AKPL","2021-01-03","259","260","253","259","0.01","137269"
"AKPL","2020-12-31","250","258","250","257","0.03","166023"
"AKPL","2020-12-30","262","267","245","250","0.00","38348"
"AKPL","2020-12-29","258","259","248","250","-0.02","51210"
"AKPL","2020-12-28","244","254","244","254","0.03","49733"
"AKPL","2020-12-27","246","251","245","246","-0.01","72044"
"AKPL","2020-12-24","259","259","247","249","-0.02","135314"
"AKPL","2020-12-23","261","266","252","255","-0.02","27417"
"AKPL","2020-12-22","257","269","250","261","0.04","99816"
"AKPL","2020-12-21","242","255","240","252","0.02","101016"
"AKPL","2020-12-20","258","258","246","248","-0.05","155103"
"AKPL","2020-12-17","255","264","255","260","0.00","83752"
"AKPL","2020-12-16","262","267","259","260","-0.02","93758"
"AKPL","2020-12-15","261","275","261","265","0.00","78197"
"AKPL","2020-12-14","283","283","265","265","-0.02","71284"
"AKPL","2020-12-13","276","276","270","270","-0.03","43275"
"AKPL","2020-12-10","273","284","272","278","0.01","155283"
"AKPL","2020-12-09","273","289","273","276","0.01","826604"
"AKPL","2020-12-08","261","278","259","273","0.03","275890"
"AKPL","2020-12-07","258","266","255","264","0.02","94733"
"AKPL","2020-12-06","285","285","258","258","-0.05","86437"
"AKPL","2020-12-03","275","280","267","272","-0.00","352726"
"AKPL","2020-12-02","274","279","266","273","-0.00","132729"
"AKPL","2020-12-01","285","285","268","274","-0.01","170780"
"AKPL","2020-11-30","265","280","262","278","0.06","239766"
"AKPL","2020-11-29","265","265","252","262","0.03","171088"
"AKPL","2020-11-26","275","277","267","269","-0.00","258529"
"AKPL","2020-11-25","268","274","265","273","0.02","102066"
"AKPL","2020-11-24","271","273","266","268","0.00","157546"
"AKPL","2020-11-23","269","274","266","268","-0.02","146121"
"AKPL","2020-11-22","273","281","268","273","0.00","151938"
"AKPL","2020-11-19","275","278","265","273","0.00","356350"
"AKPL","2020-11-18","294","294","264","268","0.00","278038"
"AKPL","2020-11-12","294","294","275","280","--","295205"
"AKPL","2020-11-11","280","286","276","280","1.08","330146"
"AKPL","2020-11-10","291","291","272","277","-0.36","293155"
"AKPL","2020-11-09","283","284","273","278","-1.77","290193"
"AKPL","2020-11-08","292","292","283","283","-1.39","271374"
"AKPL","2020-11-05","268","290","268","287","7.09","664865"
"AKPL","2020-11-04","258","274","258","268","1.90","306703"
"AKPL","2020-11-03","255","267","255","263","3.14","168191"
"AKPL","2020-11-02","259","264","255","255","-1.54","64882"
"AKPL","2020-11-01","265","267","259","259","-0.77","182725"
"AKPL","2020-10-29","260","266","258","261","0.00","144749"
"AKPL","2020-10-28","261","262","254","261","0.00","64241"
"AKPL","2020-10-22","276","276","261","261","-0.76","159008"
"AKPL","2020-10-21","268","269","261","263","-1.50","121928"
"AKPL","2020-10-20","262","271","260","267","3.09","338528"
"AKPL","2020-10-19","249","259","249","259","4.02","137788"
"AKPL","2020-10-18","245","255","242","249","1.63","111247"
"AKPL","2020-10-15","229","250","229","245","1.66","143041"
"AKPL","2020-10-14","243","250","239","241","-2.43","180194"
"AKPL","2020-10-13","248","260","243","247","0.00","450519"
"AKPL","2020-10-12","264","264","245","247","-1.98","167487"
"AKPL","2020-10-11","245","256","245","252","0.80","297090"
"AKPL","2020-10-08","270","272","249","250","-6.37","484764"
"AKPL","2020-10-07","252","277","252","267","5.95","578663"
"AKPL","2020-10-06","237","258","237","252","1.20","357040"
"AKPL","2020-10-05","239","255","239","249","5.96","472846"
"AKPL","2020-10-04","235","249","225","235","-0.42","406514"
"AKPL","2020-10-01","245","245","232","236","-2.88","214757"
"AKPL","2020-09-30","227","245","227","243","6.58","416810"
"AKPL","2020-09-29","213","228","213","228","6.05","784871"
"AKPL","2020-09-28","218","222","202","215","0.47","107644"
"AKPL","2020-09-27","214","229","207","214","-1.83","339516"
"AKPL","2020-09-24","200","220","200","218","9.00","691961"
"AKPL","2020-09-23","190","201","184","200","5.26","181706"
"AKPL","2020-09-22","196","198","187","190","-2.56","135927"
"AKPL","2020-09-21","193","200","186","195","0.00","267468"
"AKPL","2020-09-20","210","211","185","195","-4.41","385240"
"AKPL","2020-09-17","201","208","192","204","5.15","232516"
"AKPL","2020-09-16","180","197","179","194","6.01","249235"
"AKPL","2020-09-15","190","190","181","183","-2.14","124919"
"AKPL","2020-09-14","180","187","172","187","7.47","337243"
"AKPL","2020-09-13","172","178","161","174","6.10","276544"
"AKPL","2020-09-10","169","169","158","164","1.86","94234"
"AKPL","2020-09-09","176","176","161","161","-4.17","94772"
"AKPL","2020-09-08","176","176","156","168","0.00","198230"
"AKPL","2020-09-07","174","174","163","168","-5.08","281741"
"AKPL","2020-09-06","175","180","161","177","5.99","507389"
"AKPL","2020-09-03","159","167","151","167","9.87","507261"
"AKPL","2020-09-02","145","152","142","152","9.35","169513"
"AKPL","2020-08-31","121","139","121","139","9.45","323989"
"AKPL","2020-08-30","118","129","120","127","7.63","260489"
"AKPL","2020-08-27","112","121","112","118","0.85","105374"
"AKPL","2020-08-26","120","120","116","117","-3.31","32481"
"AKPL","2020-08-25","117","121","115","121","3.42","31700"
"AKPL","2020-08-24","114","118","112","117","4.46","69312"
"AKPL","2020-08-23","113","115","112","112","-0.88","33298"
"AKPL","2020-08-20","108","116","108","113","0.00","4452"
"AKPL","2020-08-19","113","113","111","113","0.89","25480"
"AKPL","2020-08-18","115","117","112","112","-2.61","31339"
"AKPL","2020-08-17","115","115","112","115","1.77","57414"
"AKPL","2020-08-16","112","114","112","113","0.00","61466"
"AKPL","2020-08-13","114","116","113","113","-0.88","47518"
"AKPL","2020-08-12","115","115","113","114","-0.87","47650"
"AKPL","2020-08-11","116","117","114","115","-0.86","50072"
"AKPL","2020-08-10","112","118","112","116","3.57","85043"
"AKPL","2020-08-09","113","114","110","112","-0.88","43961"
"AKPL","2020-08-06","114","114","112","113","-0.88","41673"
"AKPL","2020-08-05","113","117","111","114","-0.87","34631"
"AKPL","2020-08-03","115","116","113","115","-0.86","56318"
"AKPL","2020-08-02","118","119","115","116","-3.33","31127"
"AKPL","2020-07-30","114","120","114","120","3.45","51869"
"AKPL","2020-07-29","113","116","113","116","0.87","19757"
"AKPL","2020-07-28","118","118","115","115","-0.86","44336"
"AKPL","2020-07-27","119","120","116","116","-0.85","48691"
"AKPL","2020-07-26","124","124","115","117","-1.68","58457"
"AKPL","2020-07-23","116","119","115","119","1.71","32260"
"AKPL","2020-07-22","115","118","115","117","0.00","11474"
"AKPL","2020-07-21","118","122","116","117","-2.50","22331"
"AKPL","2020-07-20","127","129","118","120","-4.76","39279"
"AKPL","2020-07-19","122","126","122","126","7.69","590"
"AKPL","2020-07-16","115","119","115","117","0.86","39605"
"AKPL","2020-07-15","115","119","115","116","-0.85","17259"
"AKPL","2020-07-14","120","120","115","117","-0.85","14709"
"AKPL","2020-07-13","116","119","116","118","0.85","14772"
"AKPL","2020-07-12","115","121","115","117","1.74","20204"
"AKPL","2020-07-09","117","118","114","115","-0.86","17856"
"AKPL","2020-07-08","118","119","115","116","-3.33","14349"
"AKPL","2020-07-07","116","123","116","120","2.56","34378"
"AKPL","2020-07-06","113","117","113","117","2.63","15297"
"AKPL","2020-07-05","113","121","112","114","0.88","19550"
"AKPL","2020-07-02","123","125","113","113","-9.60","2650"
"AKPL","2020-07-01","124","132","124","125","2.46","13890"
"AKPL","2020-06-30","112","122","112","122","9.91","13091"
"AKPL","2020-06-29","104","112","100","111","5.66","22655"
"AKPL","2020-05-13","107","107","106","106","-2.75","250"
"AKPL","2020-05-12","110","110","109","109","-2.68","120"
"AKPL","2020-03-22","111","112","111","112","-0.88","110"
"AKPL","2020-03-19","110","115","108","113","0.89","64256"
"AKPL","2020-03-18","114","117","110","112","-1.75","52714"
"AKPL","2020-03-17","116","117","114","114","-2.56","27976"
"AKPL","2020-03-16","119","120","113","117","0.00","52082"
"AKPL","2020-03-15","119","121","116","117","-3.31","79157"
"AKPL","2020-03-12","125","125","118","121","-3.20","114156"
"AKPL","2020-03-11","120","126","119","125","5.93","171929"
"AKPL","2020-03-10","122","126","118","118","-4.07","37222"
"AKPL","2020-03-05","124","128","122","123","-2.38","70594"
"AKPL","2020-03-04","128","131","125","126","-2.33","44397"
"AKPL","2020-03-03","129","135","125","129","0.00","93003"
"AKPL","2020-03-02","131","136","129","129","-3.01","36954"
"AKPL","2020-03-01","139","139","133","133","-4.32","95475"
"AKPL","2020-02-27","142","144","137","139","-3.47","82676"
"AKPL","2020-02-26","146","152","141","144","0.00","71470"
"AKPL","2020-02-25","135","148","135","144","5.11","168767"
"AKPL","2020-02-24","139","143","134","137","-1.44","93296"
"AKPL","2020-02-23","139","144","136","139","1.46","105342"
"AKPL","2020-02-20","135","139","135","137","1.48","66486"
"AKPL","2020-02-19","139","141","135","135","-1.46","53365"
"AKPL","2020-02-18","145","145","134","137","-1.44","189982"
"AKPL","2020-02-17","134","140","128","139","8.59","251370"
"AKPL","2020-02-16","128","130","122","128","4.92","145215"
"AKPL","2020-02-13","124","125","122","122","-1.61","43748"
"AKPL","2020-02-12","123","125","122","124","1.64","43900"
"AKPL","2020-02-11","122","125","122","122","0.83","58315"
"AKPL","2020-02-10","121","123","121","121","-0.82","49998"
"AKPL","2020-02-09","123","124","121","122","-1.61","82227"
"AKPL","2020-02-06","124","126","123","124","0.00","43448"
"AKPL","2020-02-05","127","129","123","124","-1.59","61072"
"AKPL","2020-02-04","126","129","123","126","1.61","165636"
"AKPL","2020-02-03","120","130","120","124","3.33","183561"
"AKPL","2020-02-02","123","126","120","120","-4.00","124643"
"AKPL","2020-01-30","119","131","119","125","4.17","67838"
"AKPL","2020-01-29","123","123","119","120","-2.44","38668"
"AKPL","2020-01-28","126","126","123","123","-1.60","27660"
"AKPL","2020-01-27","123","127","122","125","0.00","27122"
"AKPL","2020-01-26","123","125","120","122","-2.40","56113"
"AKPL","2020-01-23","128","128","124","125","-2.34","14223"
"AKPL","2020-01-22","127","131","125","128","0.79","11644"
"AKPL","2020-01-21","126","130","123","127","0.79","38192"
"AKPL","2020-01-20","136","136","126","126","-6.67","44731"
"AKPL","2020-01-19","138","140","132","135","-0.74","63016"
"AKPL","2020-01-16","139","141","134","136","-2.16","35964"
"AKPL","2020-01-15","137","141","133","139","2.96","64081"
"AKPL","2020-01-14","126","137","124","135","5.47","88180"
"AKPL","2020-01-13","122","132","117","128","6.67","148466"
"AKPL","2020-01-12","117","121","113","119","3.48","52985"
"AKPL","2020-01-09","112","118","112","115","0.88","54453"
"AKPL","2020-01-08","119","119","114","114","-4.20","20050"
"AKPL","2020-01-07","112","122","112","119","2.59","32615"
"AKPL","2020-01-06","115","117","113","116","0.00","39011"
"AKPL","2020-01-05","112","120","112","116","1.75","21265"
"AKPL","2020-01-02","112","114","111","114","1.79","26330"
"AKPL","2020-01-01","110","114","109","112","2.75","36221"
"AKPL","2019-12-31","109","110","108","109","-0.91","19770"
"AKPL","2019-12-30","109","112","107","110","0.92","15955"
"AKPL","2019-12-29","109","110","107","109","0.00","17933"
"AKPL","2019-12-26","110","111","109","109","-2.68","21944"
"AKPL","2019-12-25","112","112","110","112","-1.75","20914"
"AKPL","2019-12-24","113","117","112","114","-0.87","22566"
"AKPL","2019-12-23","114","117","114","115","2.68","7233"
"AKPL","2019-12-22","118","118","108","112","-6.67","83816"
"AKPL","2019-12-19","123","123","119","120","-4.00","3629"
"AKPL","2019-12-18","121","125","121","125","1.63","696"
"AKPL","2019-12-17","128","128","123","123","-2.38","5010"
"AKPL","2019-12-16","121","128","121","126","2.44","2455"
"AKPL","2019-12-15","130","132","124","130","1.56","5601"
"AKPL","2019-12-12","122","129","118","128","5.79","9016"
"AKPL","2019-12-11","116","121","115","121","3.42","1415"
"AKPL","2019-12-10","121","121","117","117","-4.10","1700"
"AKPL","2019-12-09","113","124","113","122","7.96","739"
"AKPL","2019-12-08","115","115","113","113","-2.59","291"
"AKPL","2019-12-05","119","119","113","116","-0.85","1132"
"AKPL","2019-12-04","114","117","112","117","0.86","5646"
"AKPL","2019-12-03","114","117","112","116","1.75","1966"
"AKPL","2019-12-02","120","120","114","114","-6.56","2284"
"AKPL","2019-12-01","118","122","117","122","1.67","1287"
"AKPL","2019-11-28","114","120","114","120","3.45","869"
"AKPL","2019-11-27","111","118","110","116","3.57","1431"
"AKPL","2019-11-26","111","112","111","112","-0.88","1577"
"AKPL","2019-11-25","107","113","106","113","3.67","1260"
"AKPL","2019-11-24","111","111","108","109","-3.54","5100"
"AKPL","2019-11-21","113","117","113","113","-1.74","2369"
"AKPL","2019-11-20","120","121","115","115","-3.36","8598"
"AKPL","2019-11-19","123","123","119","119","-4.80","9560"
"AKPL","2019-11-18","125","125","121","125","0.00","3859"
"AKPL","2019-11-17","130","130","125","125","-3.10","6438"
"AKPL","2019-11-14","130","132","126","129","-0.77","2824"
"AKPL","2019-11-13","130","130","130","130","0.00","551"
"AKPL","2019-11-12","127","130","121","130","0.78","1060"
"AKPL","2019-11-11","125","129","123","129","3.20","266"
"AKPL","2019-11-10","128","128","125","125","-3.10","199"
"AKPL","2019-11-07","127","129","127","129","0.00","417"
"AKPL","2019-11-06","131","131","129","129","0.00","172"
"AKPL","2019-11-05","129","130","127","129","0.00","1825"
"AKPL","2019-11-04","130","130","126","129","-0.77","4854"
"AKPL","2019-11-03","130","131","128","130","0.78","869"
"AKPL","2019-10-31","128","131","127","129","-0.77","753"
"AKPL","2019-10-24","138","138","130","130","-5.80","1460"
"AKPL","2019-10-23","136","138","132","138","0.73","1387"
"AKPL","2019-10-22","133","137","133","137","2.24","383"
"AKPL","2019-10-21","132","134","132","134","0.00","815"
"AKPL","2019-10-20","134","136","133","134","0.00","175"
"AKPL","2019-10-17","132","137","132","134","0.00","2260"
"AKPL","2019-10-16","134","134","134","134","-1.47","13"
"AKPL","2019-10-15","134","136","134","136","1.49","2025"
"AKPL","2019-10-14","142","142","134","134","-5.63","289"
"AKPL","2019-10-10","138","142","132","142","1.43","1290"
"AKPL","2019-10-03","136","140","136","140","1.45","354"
"AKPL","2019-10-02","138","138","138","138","-0.72","10"
"AKPL","2019-10-01","140","140","138","139","-0.71","1730"
"AKPL","2019-09-30","133","139","133","139","2.96","1581"
"AKPL","2019-09-29","133","135","129","135","0.00","1845"
"AKPL","2019-09-26","135","135","129","135","1.50","666"
"AKPL","2019-09-24","130","131","130","130","-0.76","500"
"AKPL","2019-09-23","131","133","129","131","-0.76","2356"
"AKPL","2019-09-22","131","133","131","132","-0.75","245"
"AKPL","2019-09-19","139","140","133","133","-5.67","1581"
"AKPL","2019-09-18","141","143","135","141","0.00","3059"
"AKPL","2019-09-17","132","141","132","141","8.46","6130"
"AKPL","2019-09-16","135","135","129","130","-2.99","12722"
"AKPL","2019-09-15","135","135","127","134","-2.19","3744"
"AKPL","2019-09-12","151","151","135","137","-4.86","11208"
"AKPL","2019-09-11","140","144","139","144","2.86","653"
"AKPL","2019-09-10","144","144","138","140","-4.11","7880"
"AKPL","2019-09-09","148","148","144","146","-1.35","2520"
"AKPL","2019-09-08","150","150","146","148","0.00","2638"
"AKPL","2019-09-05","156","156","147","148","-6.92","3387"
"AKPL","2019-09-04","159","159","159","159","1.92","10"
"AKPL","2019-09-03","147","156","141","156","4.70","5658"
"AKPL","2019-09-02","155","155","147","149","-3.87","3570"
"AKPL","2019-09-01","151","155","151","155","2.65","5681"
"AKPL","2019-08-29","151","151","149","151","0.00","1057"
"AKPL","2019-08-28","150","155","150","151","-1.31","4560"
"AKPL","2019-08-27","157","157","153","153","-3.77","2320"
"AKPL","2019-08-26","153","159","150","159","1.92","1176"
"AKPL","2019-08-25","156","156","151","156","-1.89","321"
"AKPL","2019-08-22","158","159","154","159","-1.24","7328"
"AKPL","2019-08-21","153","161","152","161","3.21","5578"
"AKPL","2019-08-20","154","158","154","156","-4.29","553"
"AKPL","2019-08-19","158","163","155","163","3.16","1918"
"AKPL","2019-08-18","161","161","157","158","-1.25","375"
"AKPL","2019-08-15","160","162","160","160","-1.23","749"
"AKPL","2019-08-14","163","165","162","162","-1.82","1034"
"AKPL","2019-08-13","164","167","163","165","0.61","3690"
"AKPL","2019-08-12","162","165","162","164","0.00","574"
"AKPL","2019-08-11","164","166","164","164","-1.80","1301"
"AKPL","2019-08-08","166","169","165","167","-1.18","606"
"AKPL","2019-08-07","166","172","165","169","0.60","344"
"AKPL","2019-08-06","168","168","167","168","-1.75","1981"
"AKPL","2019-08-05","168","171","168","171","0.00","2877"
"AKPL","2019-08-04","169","171","167","171","0.59","2950"
"AKPL","2019-08-01","169","178","169","170","0.59","966"
"AKPL","2019-07-31","170","173","169","169","-1.17","3053"
"AKPL","2019-07-30","167","173","167","171","0.59","3127"
"AKPL","2019-07-29","170","173","167","170","-1.73","972"
"AKPL","2019-07-28","171","173","170","173","-0.57","4151"
"AKPL","2019-07-25","178","178","173","174","-2.25","1303"
"AKPL","2019-07-24","174","178","173","178","1.71","2799"
"AKPL","2019-07-23","173","177","173","175","0.00","11037"
"AKPL","2019-07-22","173","179","173","175","-0.57","11449"
"AKPL","2019-07-21","177","177","172","176","-2.22","2957"
"AKPL","2019-07-18","177","180","177","180","0.00","5360"
"AKPL","2019-07-17","185","185","175","180","-4.26","4315"
"AKPL","2019-07-16","175","188","174","188","6.21","3457"
"AKPL","2019-07-15","177","181","177","177","-1.67","3453"
"AKPL","2019-07-14","189","189","177","180","-6.25","5845"
"AKPL","2019-07-11","204","204","192","192","-1.54","20"
"AKPL","2019-07-10","204","204","177","195","0.00","26661"
"AKPL","2019-07-09","198","198","195","195","3.17","1010"
"AKPL","2019-07-08","183","189","183","189","3.85","2622"
"AKPL","2019-07-07","187","187","182","182","-2.67","142"
"AKPL","2019-07-04","187","187","183","187","-1.58","325"
"AKPL","2019-07-03","185","190","183","190","3.26","9108"
"AKPL","2019-07-02","186","187","184","184","-2.64","214"
"AKPL","2019-07-01","190","190","184","189","0.00","1955"
"AKPL","2019-06-30","185","189","183","189","3.28","1489"
"AKPL","2019-06-27","187","190","183","183","-3.68","547"
"AKPL","2019-06-26","185","190","185","190","4.40","2638"
"AKPL","2019-06-25","187","188","182","182","-4.21","921"
"AKPL","2019-06-24","180","190","180","190","5.56","9312"
"AKPL","2019-06-23","185","187","180","180","-4.26","2557"
"AKPL","2019-06-20","185","190","185","188","0.53","1900"
"AKPL","2019-06-19","177","187","177","187","3.89","381"
"AKPL","2019-06-18","172","183","172","180","-0.55","830"
"AKPL","2019-06-17","181","182","178","181","-1.63","221"
"AKPL","2019-06-16","181","187","181","184","0.00","221"
"AKPL","2019-06-13","184","187","184","184","-1.60","1265"
"AKPL","2019-06-12","188","189","187","187","-1.58","1016"
"AKPL","2019-06-11","194","194","188","190","-0.52","1154"
"AKPL","2019-06-10","191","194","191","191","-1.04","599"
"AKPL","2019-06-06","189","194","189","193","0.52","3591"
"AKPL","2019-06-04","184","192","184","192","2.67","1592"
"AKPL","2019-06-03","189","190","186","187","-2.60","2588"
"AKPL","2019-06-02","190","201","186","192","0.00","6704"
"AKPL","2019-05-30","191","195","191","192","0.00","2485"
"AKPL","2019-05-29","195","195","192","192","-3.03","3380"
"AKPL","2019-05-28","196","198","193","198","-1.00","1437"
"AKPL","2019-05-27","183","200","183","200","4.17","2791"
"AKPL","2019-05-26","201","201","190","192","-6.34","4013"
"AKPL","2019-05-23","220","220","197","205","-5.53","10678"
"AKPL","2019-05-22","201","217","201","217","9.60","26290"
"AKPL","2019-05-21","185","204","185","198","5.32","4286"
"AKPL","2019-05-20","190","190","186","188","-2.08","9209"
"AKPL","2019-05-19","197","197","192","192","-4.00","5730"
"AKPL","2019-05-16","194","200","191","200","2.04","9575"
"AKPL","2019-05-15","196","199","195","196","-2.00","2810"
"AKPL","2019-05-14","198","208","196","200","0.50","7892"
"AKPL","2019-05-13","191","200","183","199","5.85","7078"
"AKPL","2019-05-12","178","191","176","188","3.87","7419"
"AKPL","2019-05-09","177","181","176","181","1.12","1417"
"AKPL","2019-05-08","182","182","176","179","-3.24","2199"
"AKPL","2019-05-07","183","185","176","185","1.09","1733"
"AKPL","2019-05-06","176","183","176","183","2.81","4525"
"AKPL","2019-05-05","181","181","177","178","-3.26","801"
"AKPL","2019-05-02","188","194","180","184","-3.66","13329"
"AKPL","2019-04-30","178","194","172","191","5.52","12666"
"AKPL","2019-04-28","164","181","161","181","8.38","2046"
"AKPL","2019-04-25","173","173","167","167","-2.34","524"
"AKPL","2019-04-24","160","171","160","171","4.91","1576"
"AKPL","2019-04-23","168","168","162","163","-4.68","1382"
"AKPL","2019-04-22","174","174","171","171","-3.39","200"
"AKPL","2019-04-21","162","177","161","177","8.59","904"
"AKPL","2019-04-18","166","166","162","163","-3.55","623"
"AKPL","2019-04-17","166","169","162","169","1.81","1731"
"AKPL","2019-04-16","168","169","166","166","0.61","638"
"AKPL","2019-04-15","167","168","165","165","-2.94","210"
"AKPL","2019-04-11","168","171","165","170","-0.58","1456"
"AKPL","2019-04-10","169","177","164","171","0.00","2888"
"AKPL","2019-04-09","166","172","165","171","1.18","745"
"AKPL","2019-04-08","174","177","168","169","-2.87","3043"
"AKPL","2019-04-07","176","176","170","174","-2.79","569"
"AKPL","2019-04-04","179","185","176","179","-1.65","6799"
"AKPL","2019-04-03","178","184","175","182","0.55","3562"
"AKPL","2019-04-02","181","181","172","181","-1.63","195"
"AKPL","2019-04-01","181","187","177","184","0.00","5844"
"AKPL","2019-03-31","176","184","171","184","4.55","1698"
"AKPL","2019-03-28","170","176","167","176","3.53","342"
"AKPL","2019-03-27","169","171","166","170","0.59","305"
"AKPL","2019-03-26","165","170","165","169","1.20","835"
"AKPL","2019-03-25","167","169","164","167","0.00","801"
"AKPL","2019-03-24","170","170","167","167","-3.47","519"
"AKPL","2019-03-21","167","173","165","173","1.76","895"
"AKPL","2019-03-19","172","172","169","170","-2.86","860"
"AKPL","2019-03-18","179","179","175","175","-2.78","301"
"AKPL","2019-03-17","181","181","177","180","1.12","1669"
"AKPL","2019-03-14","176","180","176","178","0.00","364"
"AKPL","2019-03-13","191","193","178","178","-7.77","4298"
"AKPL","2019-03-12","178","190","176","184","1.66","1249"
"AKPL","2019-03-11","170","184","169","181","5.23","7392"
"AKPL","2019-03-10","166","172","166","172","2.99","579"
"AKPL","2019-03-09","166","172","166","172","2.99","579"
"AKPL","2019-03-07","160","167","158","167","5.70","1234"
"AKPL","2019-03-06","154","158","153","158","1.28","1040"
"AKPL","2019-03-05","151","161","151","156","2.63","1597"
"AKPL","2019-03-03","155","157","152","152","-1.94","1001"
"AKPL","2019-02-27","153","155","152","155","1.31","62"
"AKPL","2019-02-26","155","155","152","153","0.66","378"
"AKPL","2019-02-25","149","152","148","152","0.00","557"
"AKPL","2019-02-24","149","157","148","152","0.00","1018"
"AKPL","2019-02-21","149","152","149","152","0.00","275"
"AKPL","2019-02-20","153","156","149","152","-2.56","832"
"AKPL","2019-02-19","146","156","146","156","5.41","2243"
"AKPL","2019-02-18","153","155","148","148","-4.52","2580"
"AKPL","2019-02-17","160","163","155","155","-4.91","1367"
"AKPL","2019-02-14","169","169","162","163","-3.55","2648"
"AKPL","2019-02-13","170","172","166","169","-1.74","424"
"AKPL","2019-02-12","172","175","172","172","0.00","846"
"AKPL","2019-02-11","172","175","171","172","-1.15","1190"
"AKPL","2019-02-10","176","179","172","174","-2.79","1035"
"AKPL","2019-02-07","178","179","176","179","0.00","372"
"AKPL","2019-02-06","179","182","177","179","-1.65","539"
"AKPL","2019-02-05","180","183","179","182","0.00","485"
"AKPL","2019-02-04","182","183","176","182","0.00","728"
"AKPL","2019-02-03","187","187","182","182","-2.67","1703"
"AKPL","2019-01-31","185","187","184","187","1.08","694"
"AKPL","2019-01-30","184","185","182","185","0.54","838"
"AKPL","2019-01-29","185","185","182","184","-0.54","154"
"AKPL","2019-01-28","180","185","180","185","2.78","136"
"AKPL","2019-01-27","184","184","178","180","-2.17","1223"
"AKPL","2019-01-24","185","187","183","184","-0.54","402"
"AKPL","2019-01-23","185","186","183","185","0.00","307"
"AKPL","2019-01-22","186","186","181","185","-0.54","954"
"AKPL","2019-01-21","190","192","185","186","-2.11","2765"
"AKPL","2019-01-20","192","192","189","190","-1.04","282"
"AKPL","2019-01-17","187","193","185","192","2.67","458"
"AKPL","2019-01-16","194","197","187","187","-3.61","2662"
"AKPL","2019-01-15","177","194","177","194","9.60","731"
"AKPL","2019-01-14","185","186","177","177","-4.32","5506"
"AKPL","2019-01-13","184","185","182","185","0.54","110"
"AKPL","2019-01-10","187","187","184","184","-1.60","423"
"AKPL","2019-01-09","184","190","184","187","1.63","1535"
"AKPL","2019-01-08","184","184","181","184","0.00","161"
"AKPL","2019-01-07","183","186","182","184","0.55","349"
"AKPL","2019-01-06","185","185","182","183","-1.08","431"
"AKPL","2019-01-03","184","185","183","185","0.54","273"
"AKPL","2019-01-02","193","193","184","184","-4.66","689"
"AKPL","2018-12-31","187","193","185","193","3.21","182"
"AKPL","2018-12-30","192","193","187","187","-2.60","749"
"AKPL","2018-12-27","197","200","192","192","-2.54","1853"
"AKPL","2018-12-26","190","196","187","196","3.16","1584"
"AKPL","2018-12-25","187","190","185","190","1.60","416"
"AKPL","2018-12-24","196","199","187","187","-4.59","465"
"AKPL","2018-12-23","187","196","187","196","4.81","5199"
"AKPL","2018-12-20","186","198","186","188","1.08","397"
"AKPL","2018-12-19","186","189","183","186","0.00","281"
"AKPL","2018-12-18","185","186","183","186","0.54","711"
"AKPL","2018-12-17","191","191","185","185","-3.14","2312"
"AKPL","2018-12-16","199","199","191","191","-4.02","2196"
"AKPL","2018-12-13","195","199","192","199","2.05","282"
"AKPL","2018-12-12","192","195","191","195","1.56","183"
"AKPL","2018-12-11","188","192","188","192","2.13","637"
"AKPL","2018-12-10","187","190","187","188","0.53","1825"
"AKPL","2018-12-09","190","190","186","187","-1.58","302"
"AKPL","2018-12-06","187","190","184","190","1.60","730"
"AKPL","2018-12-04","187","188","185","188","0.53","654"
"AKPL","2018-12-03","190","192","186","187","-1.58","388"
"AKPL","2018-12-02","188","190","179","190","1.06","1432"
"AKPL","2018-11-29","188","191","188","188","0.00","655"
"AKPL","2018-11-28","190","190","187","188","-1.05","1994"
"AKPL","2018-11-27","189","191","187","190","0.53","1423"
"AKPL","2018-11-26","191","191","189","189","-1.05","346"
"AKPL","2018-11-25","192","193","190","191","-0.52","1360"
"AKPL","2018-11-22","193","193","190","192","-0.52","1229"
"AKPL","2018-11-21","198","198","191","193","-2.53","1259"
"AKPL","2018-11-20","199","200","194","198","-0.50","1150"
"AKPL","2018-11-19","212","212","196","199","-6.13","1462"
"AKPL","2018-11-18","219","219","211","212","-3.20","252"
"AKPL","2018-11-15","212","219","209","219","3.30","416"
"AKPL","2018-11-14","212","212","208","212","0.00","1275"
"AKPL","2018-11-05","220","220","209","216","-1.82","1213"
"AKPL","2018-11-04","222","223","215","220","-2.22","1074"
"AKPL","2018-11-01","227","227","223","225","-1.75","1912"
"AKPL","2018-10-31","230","233","229","229","-1.29","2052"
"AKPL","2018-10-30","231","233","230","232","0.43","756"
"AKPL","2018-10-29","233","235","231","231","-1.28","997"
"AKPL","2018-10-28","232","236","232","235","-0.42","1233"
"AKPL","2018-10-25","240","240","233","235","-3.69","645"
"AKPL","2018-10-23","232","244","226","244","5.17","1088"
"AKPL","2018-10-22","235","235","231","232","-0.85","440"
"AKPL","2018-10-21","234","238","232","234","-1.68","306"
"AKPL","2018-10-15","240","240","238","238","-0.83","63"
"AKPL","2018-10-14","239","240","235","240","2.13","145"
"AKPL","2018-10-11","233","240","231","235","0.00","1698"
"AKPL","2018-10-10","240","240","235","235","-3.69","1180"
"AKPL","2018-10-09","248","246","240","244","0.00","939"
"AKPL","2018-10-08","244","248","240","244","0.00","3025"
"AKPL","2018-10-07","241","244","238","244","0.83","828"
"AKPL","2018-10-04","242","248","242","242","0.00","943"
"AKPL","2018-10-03","246","249","242","242","-1.63","1286"
"AKPL","2018-10-02","250","254","244","246","-0.81","687"
"AKPL","2018-10-01","247","254","246","248","-1.20","653"
"AKPL","2018-09-30","250","255","248","251","-1.57","1406"
"AKPL","2018-09-27","269","274","250","255","-5.20","2439"
"AKPL","2018-09-26","264","269","260","263","1.89","432"
"AKPL","2018-09-25","275","275","264","264","-2.58","307"
"AKPL","2018-09-23","261","271","256","271","1.88","891"
"AKPL","2018-09-20","263","275","260","266","-0.75","9717"
"AKPL","2018-09-18","241","268","241","266","9.84","2746"
"AKPL","2018-09-17","243","247","241","244","-1.21","2601"
"AKPL","2018-09-16","245","260","242","247","1.23","1300"
"AKPL","2018-09-13","243","250","240","244","0.83","2657"
"AKPL","2018-09-12","241","249","240","242","-0.82","262"
"AKPL","2018-09-11","250","252","241","244","-0.81","918"
"AKPL","2018-09-10","240","246","240","246","2.50","66"
"AKPL","2018-09-09","242","245","234","240","-2.44","724"
"AKPL","2018-09-06","261","261","246","246","-3.91","1383"
"AKPL","2018-09-05","243","256","240","256","5.35","442"
"AKPL","2018-09-04","247","247","241","243","-3.19","1119"
"AKPL","2018-09-03","242","251","239","251","4.58","165"
"AKPL","2018-09-02","238","242","235","240","-0.83","1100"
"AKPL","2018-08-30","235","242","235","242","1.68","102"
"AKPL","2018-08-29","235","239","226","238","-0.42","649"
"AKPL","2018-08-28","245","245","232","239","-1.24","313"
"AKPL","2018-08-26","241","245","239","242","-1.22","463"
"AKPL","2018-08-23","242","245","242","245","1.24","43"
"AKPL","2018-08-22","244","245","242","242","0.00","52"
"AKPL","2018-08-21","244","246","242","243","-0.82","683"
"AKPL","2018-08-20","250","250","243","244","-1.61","817"
"AKPL","2018-08-19","252","252","248","248","-1.59","736"
"AKPL","2018-08-16","255","267","252","252","-2.33","1063"
"AKPL","2018-08-15","244","258","244","258","5.74","3757"
"AKPL","2018-08-14","245","248","243","244","-0.41","1515"
"AKPL","2018-08-13","250","252","245","246","-1.61","878"
"AKPL","2018-08-12","248","249","247","249","-0.80","381"
"AKPL","2018-08-09","252","252","249","251","0.00","1613"
"AKPL","2018-08-08","255","255","250","251","-0.79","658"
"AKPL","2018-08-07","260","260","253","253","-1.17","1796"
"AKPL","2018-08-06","254","257","249","256","2.40","1252"
"AKPL","2018-08-05","252","253","250","250","-1.96","830"
"AKPL","2018-08-02","255","260","252","255","1.59","1032"
"AKPL","2018-08-01","256","261","250","251","0.00","588"
"AKPL","2018-07-31","260","260","247","251","-1.57","377"
"AKPL","2018-07-30","255","255","252","255","0.39","192"
"AKPL","2018-07-29","252","254","252","254","0.79","454"
"AKPL","2018-07-26","255","255","250","252","-1.56","873"
"AKPL","2018-07-25","255","256","254","256","-0.78","497"
"AKPL","2018-07-24","257","262","257","258","0.39","393"
"AKPL","2018-07-23","254","257","253","257","1.98","896"
"AKPL","2018-07-22","250","255","250","252","-1.18","220"
"AKPL","2018-07-19","255","258","254","255","-1.92","1251"
"AKPL","2018-07-18","256","260","256","260","0.00","149"
"AKPL","2018-07-17","255","260","255","260","0.00","52"
"AKPL","2018-07-16","257","260","255","260","1.17","415"
"AKPL","2018-07-15","248","257","248","257","2.80","2540"
"AKPL","2018-07-12","260","260","250","250","-4.21","1595"
"AKPL","2018-07-11","259","266","258","261","1.16","933"
"AKPL","2018-07-10","258","269","257","258","-1.53","1384"
"AKPL","2018-07-09","268","271","260","263","-2.24","3034"
"AKPL","2018-07-08","274","281","263","268","-2.19","4705"
"AKPL","2018-07-05","266","274","261","274","4.98","4198"
"AKPL","2018-07-04","250","266","248","261","2.35","1428"
"AKPL","2018-07-03","264","264","252","255","-3.04","1738"
"AKPL","2018-07-02","259","263","251","263","-0.38","1340"
"AKPL","2018-07-01","260","266","260","264","-0.38","3222"
"AKPL","2018-06-28","272","272","265","267","-2.57","3924"
"AKPL","2018-06-27","265","275","265","272","0.74","963"
"AKPL","2018-06-26","276","276","270","271","-1.46","1612"
"AKPL","2018-06-25","282","282","270","274","-2.84","1110"
"AKPL","2018-06-24","287","287","282","282","-3.42","918"
"AKPL","2018-06-21","277","292","277","292","3.55","125"
"AKPL","2018-06-20","285","285","282","282","-1.40","596"
"AKPL","2018-06-19","296","296","285","286","-1.72","562"
"AKPL","2018-06-18","287","291","281","288","1.39","603"
"AKPL","2018-06-17","295","300","279","287","-1.71","756"
"AKPL","2018-06-14","283","305","283","292","3.18","3089"
"AKPL","2018-06-13","290","290","280","283","-2.41","523"
"AKPL","2018-06-12","281","290","276","290","1.40","819"
"AKPL","2018-06-11","285","291","280","286","-1.38","2101"
"AKPL","2018-06-10","294","298","287","290","0.35","538"
"AKPL","2018-06-07","289","289","282","289","-1.70","4339"
"AKPL","2018-06-06","289","304","289","294","3.52","961"
"AKPL","2018-06-04","288","289","283","284","-1.39","1133"
"AKPL","2018-06-03","295","295","281","288","-4.00","4620"
"AKPL","2018-05-31","305","305","294","300","-1.32","2706"
"AKPL","2018-05-30","310","316","304","304","-0.33","628"
"AKPL","2018-05-29","312","312","305","305","-3.17","3234"
"AKPL","2018-05-28","300","315","295","315","5.00","1667"
"AKPL","2018-05-27","302","306","300","300","-2.60","3135"
"AKPL","2018-05-24","305","310","300","308","0.98","900"
"AKPL","2018-05-23","309","309","305","305","-1.29","881"
"AKPL","2018-05-22","308","312","308","309","-0.64","2102"
"AKPL","2018-05-21","307","312","307","311","0.00","840"
"AKPL","2018-05-20","315","321","308","311","0.00","2774"
"AKPL","2018-05-17","320","326","310","311","-0.96","2033"
"AKPL","2018-05-16","312","315","306","314","0.96","2397"
"AKPL","2018-05-15","320","320","311","311","-0.96","1279"
"AKPL","2018-05-14","317","317","305","313","-2.79","1876"
"AKPL","2018-05-10","320","326","314","323","0.94","3467"
"AKPL","2018-05-09","322","326","315","320","-0.62","2692"
"AKPL","2018-05-08","315","322","311","322","3.21","3454"
"AKPL","2018-05-07","314","322","310","312","-0.64","9012"
"AKPL","2018-05-06","318","321","306","314","-3.09","2314"
"AKPL","2018-05-03","327","335","321","324","0.93","5461"
"AKPL","2018-05-02","325","325","314","321","-1.23","963"
"AKPL","2018-04-29","316","325","310","325","2.85","7009"
"AKPL","2018-04-26","329","330","314","316","-5.39","5745"
"AKPL","2018-04-25","327","340","321","334","0.30","5874"
"AKPL","2018-04-24","337","349","326","333","-2.91","7518"
"AKPL","2018-04-23","336","349","313","343","3.94","19600"
"AKPL","2018-04-22","300","330","306","330","10.00","16988"
"AKPL","2018-04-19","296","305","286","300","3.09","17076"
"AKPL","2018-04-18","269","301","269","291","6.20","7701"
"AKPL","2018-04-17","265","284","264","274","3.40","5001"
"AKPL","2018-04-16","245","270","245","265","6.00","3553"
"AKPL","2018-04-15","249","250","245","250","0.40","793"
"AKPL","2018-04-12","245","256","245","249","1.63","1178"
"AKPL","2018-04-11","241","248","237","245","0.00","645"
"AKPL","2018-04-10","245","250","242","245","-2.00","3483"
"AKPL","2018-04-09","266","271","248","250","-4.21","6422"
"AKPL","2018-04-08","241","261","241","261","9.66","3470"
"AKPL","2018-04-05","240","248","236","238","0.85","1888"
"AKPL","2018-04-04","229","236","229","236","4.89","1033"
"AKPL","2018-04-03","230","230","225","225","-0.88","446"
"AKPL","2018-04-02","236","236","225","227","-2.16","1187"
"AKPL","2018-04-01","231","235","219","232","-1.28","2310"
"AKPL","2018-03-29","223","235","223","232","5.38","1353"
"AKPL","2018-03-28","228","228","220","223","-3.46","951"
"AKPL","2018-03-27","223","231","212","231","1.76","1880"
"AKPL","2018-03-26","231","231","226","227","-3.40","1404"
"AKPL","2018-03-22","234","237","230","235","-1.26","2077"
"AKPL","2018-03-21","237","239","233","238","-0.83","1483"
"AKPL","2018-03-20","245","246","240","241","-2.04","2751"
"AKPL","2018-03-19","253","253","244","245","-5.04","1016"
"AKPL","2018-03-18","253","258","250","258","0.00","1337"
"AKPL","2018-03-15","259","259","258","258","1.57","513"
"AKPL","2018-03-14","249","257","249","254","0.79","748"
"AKPL","2018-03-13","248","252","248","252","0.80","435"
"AKPL","2018-03-12","252","251","243","250","-0.79","1707"
"AKPL","2018-03-11","269","265","250","252","-6.32","5178"
"AKPL","2018-03-07","256","271","256","269","3.07","717"
"AKPL","2018-03-06","252","261","251","261","2.35","5031"
"AKPL","2018-03-04","285","285","261","273","-5.86","3241"
"AKPL","2018-02-28","300","301","285","290","-4.61","8975"
"AKPL","2018-02-27","302","310","301","304","-0.65","2068"
"AKPL","2018-02-26","309","310","305","306","-2.86","3368"
"AKPL","2018-02-25","312","318","312","316","-0.63","357"
"AKPL","2018-02-22","313","320","313","318","-0.31","1253"
"AKPL","2018-02-21","313","319","313","319","0.31","156"
"AKPL","2018-02-20","329","329","314","318","-5.07","2435"
"AKPL","2018-02-18","329","335","335","335","1.82","10"
"AKPL","2018-02-15","333","333","317","329","0.00","3802"
"AKPL","2018-02-14","317","329","313","329","2.17","5369"
"AKPL","2018-02-12","319","322","316","322","-0.92","2380"
"AKPL","2018-02-11","315","325","315","324","1.25","2621"
"AKPL","2018-02-08","332","332","317","321","-2.43","1419"
"AKPL","2018-02-07","315","329","315","329","3.13","203"
"AKPL","2018-02-06","324","325","319","319","-2.45","4833"
"AKPL","2018-02-05","330","330","326","328","-2.10","9369"
"AKPL","2018-02-04","329","337","329","334","-0.30","2004"
"AKPL","2018-02-01","338","343","331","335","0.00","461"
"AKPL","2018-01-31","335","335","332","335","0.90","1510"
"AKPL","2018-01-29","328","332","328","332","-0.60","423"
"AKPL","2018-01-28","334","344","328","334","-1.76","917"
"AKPL","2018-01-25","330","340","330","339","1.49","1334"
"AKPL","2018-01-24","330","335","329","335","1.52","732"
"AKPL","2018-01-23","330","337","325","330","-1.20","1780"
"AKPL","2018-01-22","327","334","327","334","0.60","1374"
"AKPL","2018-01-21","338","338","331","332","-0.89","2711"
"AKPL","2018-01-17","335","337","333","336","-0.59","2038"
"AKPL","2018-01-16","335","340","332","337","-1.17","991"
"AKPL","2018-01-14","339","341","333","341","-0.29","1078"
"AKPL","2018-01-10","340","346","337","342","0.59","828"
"AKPL","2018-01-09","341","345","335","340","-0.29","1199"
"AKPL","2018-01-08","335","342","335","341","0.59","235"
"AKPL","2018-01-07","340","344","338","340","-0.88","1013"
"AKPL","2018-01-04","340","342","338","342","1.48","1449"
"AKPL","2018-01-03","343","343","333","337","-1.75","3199"
"AKPL","2018-01-02","340","346","337","343","0.59","1127"
"AKPL","2018-01-01","335","347","334","341","1.79","1358"
"AKPL","2017-12-31","335","339","332","335","-1.76","2374"
"AKPL","2017-12-28","340","341","334","341","-1.45","961"
"AKPL","2017-12-27","341","346","326","346","1.47","1892"
"AKPL","2017-12-26","352","352","338","341","-2.01","3621"
"AKPL","2017-12-24","349","351","346","348","-0.57","466"
"AKPL","2017-12-21","352","362","346","350","-1.69","3925"
"AKPL","2017-12-20","352","358","351","356","-0.56","1458"
"AKPL","2017-12-19","360","360","351","358","-0.56","3355"
"AKPL","2017-12-18","365","368","359","360","0.00","4378"
"AKPL","2017-12-17","354","360","354","360","0.00","1060"
"AKPL","2017-12-14","357","370","357","361","-0.82","187"
"AKPL","2017-12-13","356","367","356","364","0.55","2390"
"AKPL","2017-12-12","373","373","359","362","-2.16","2947"
"AKPL","2017-12-11","360","374","355","370","0.82","1935"
"AKPL","2017-12-10","379","379","365","367","-1.34","1943"
"AKPL","2017-12-06","355","372","355","372","4.49","13162"
"AKPL","2017-12-05","351","360","351","356","-0.56","1846"
"AKPL","2017-12-04","372","372","344","358","-1.92","6724"
"AKPL","2017-11-30","347","365","344","365","3.11","5588"
"AKPL","2017-11-29","354","369","353","355","1.72","9802"
"AKPL","2017-11-28","344","358","344","348","-0.85","695"
"AKPL","2017-11-27","347","361","336","351","-0.85","4960"
"AKPL","2017-11-26","353","364","347","354","0.28","3578"
"AKPL","2017-11-23","343","353","343","353","2.92","5691"
"AKPL","2017-11-22","351","353","334","343","-2.28","2724"
"AKPL","2017-11-21","331","351","330","351","4.46","7667"
"AKPL","2017-11-20","330","338","330","336","0.30","2051"
"AKPL","2017-11-19","332","340","326","335","0.90","45210"
"AKPL","2017-11-16","331","343","327","332","-1.48","2407"
"AKPL","2017-11-15","342","342","332","337","-2.60","2178"
"AKPL","2017-11-14","340","348","334","346","1.17","8731"
"AKPL","2017-11-13","327","342","321","342","4.59","2082"
"AKPL","2017-11-12","326","330","324","327","0.31","1146"
"AKPL","2017-11-09","320","338","320","326","1.24","3682"
"AKPL","2017-11-08","330","330","319","322","-2.42","1927"
"AKPL","2017-11-07","320","330","320","330","1.23","982"
"AKPL","2017-11-06","325","331","322","326","0.31","2142"
"AKPL","2017-11-05","321","325","321","325","-0.61","1982"
"AKPL","2017-11-02","323","331","323","327","-0.61","1048"
"AKPL","2017-11-01","337","338","328","330","-1.50","2946"
"AKPL","2017-10-31","332","335","327","334","0.60","1710"
"AKPL","2017-10-30","335","335","330","332","-0.89","5677"
"AKPL","2017-10-29","335","346","333","335","-0.89","1668"
"AKPL","2017-10-25","338","344","335","338","-1.74","2006"
"AKPL","2017-10-24","342","346","340","344","0.58","779"
"AKPL","2017-10-23","351","355","340","342","-2.56","2467"
"AKPL","2017-10-22","335","351","335","344","6.69","6572"
"AKPL","2017-10-18","322","329","317","329","0.30","215"
"AKPL","2017-10-17","321","338","321","328","0.61","1323"
"AKPL","2017-10-16","320","336","320","326","0.31","389"
"AKPL","2017-10-15","315","325","315","325","1.56","1226"
"AKPL","2017-10-12","320","324","317","320","-1.54","4026"
"AKPL","2017-10-11","317","326","317","325","0.62","277"
"AKPL","2017-10-10","312","323","312","323","1.57","1247"
"AKPL","2017-10-09","317","319","315","319","0.31","2361"
"AKPL","2017-10-08","326","326","315","317","-4.52","1817"
"AKPL","2017-10-04","346","346","330","332","-2.35","2804"
"AKPL","2017-09-26","340","341","330","340","0.00","3344"
"AKPL","2017-09-25","340","343","339","341","1.49","1680"
"AKPL","2017-09-24","328","337","328","335","0.60","779"
"AKPL","2017-09-20","330","336","326","333","-0.89","1664"
"AKPL","2017-09-18","346","346","334","336","-1.18","1968"
"AKPL","2017-09-17","345","350","340","340","-0.58","4138"
"AKPL","2017-09-14","324","342","324","342","3.64","2678"
"AKPL","2017-09-13","327","335","326","330","0.00","2061"
"AKPL","2017-09-12","335","339","326","330","-1.49","3991"
"AKPL","2017-09-11","327","340","326","335","0.90","2600"
"AKPL","2017-09-10","342","342","330","332","-4.60","9243"
"AKPL","2017-09-07","346","352","346","348","-0.57","6831"
"AKPL","2017-09-06","367","365","346","350","-3.31","5791"
"AKPL","2017-09-04","355","362","345","360","2.26","5940"
"AKPL","2017-08-31","360","358","350","354","-1.67","6893"
"AKPL","2017-08-30","362","368","360","361","-2.17","2199"
"AKPL","2017-08-28","382","391","358","368","-2.64","6756"
"AKPL","2017-08-27","372","378","350","378","1.61","9008"
"AKPL","2017-08-24","357","372","351","372","4.20","4775"
"AKPL","2017-08-23","353","362","353","357","-0.83","10457"
"AKPL","2017-08-22","359","380","352","359","-1.64","2835"
"AKPL","2017-08-21","356","366","350","366","1.10","6837"
"AKPL","2017-08-20","370","370","356","362","-1.63","5245"
"AKPL","2017-08-17","368","375","364","368","-1.87","13588"
"AKPL","2017-08-16","370","387","370","375","2.18","5715"
"AKPL","2017-08-15","387","387","367","367","-3.67","5051"
"AKPL","2017-08-13","400","400","376","381","-3.05","5335"
"AKPL","2017-08-10","392","400","392","393","-1.75","8529"
"AKPL","2017-08-09","405","405","397","400","-1.48","11476"
"AKPL","2017-08-07","410","410","405","406","-0.25","3067"
"AKPL","2017-08-06","402","411","402","407","-0.73","3548"
"AKPL","2017-08-03","411","418","404","410","-0.24","3902"
"AKPL","2017-08-02","416","416","408","411","-2.14","4182"
"AKPL","2017-08-01","410","420","404","420","0.48","6928"
"AKPL","2017-07-31","400","423","400","418","2.70","8062"
"AKPL","2017-07-30","419","418","407","408","-1.21","11606"
"AKPL","2017-07-27","412","414","409","412","-0.72","3964"
"AKPL","2017-07-26","415","416","410","415","0.97","6045"
"AKPL","2017-07-25","404","423","404","411","-0.24","3866"
"AKPL","2017-07-24","413","423","411","412","-0.96","9148"
"AKPL","2017-07-23","411","425","411","416","-0.24","5856"
"AKPL","2017-07-20","420","422","415","417","0.00","5106"
"AKPL","2017-07-19","435","435","417","417","-3.92","10705"
"AKPL","2017-07-18","420","441","405","434","5.34","9889"
"AKPL","2017-07-17","407","416","407","412","-0.72","7175"
"AKPL","2017-07-16","401","415","401","415","1.47","5459"
"AKPL","2017-07-13","405","413","405","409","-0.24","2146"
"AKPL","2017-07-12","410","414","410","412","-1.68","3492"
"AKPL","2017-07-11","415","417","408","417","0.48","4924"
"AKPL","2017-07-10","425","425","401","415","-2.35","32236"
"AKPL","2017-07-09","425","430","408","425","0.00","5553"
"AKPL","2017-07-06","409","425","409","425","1.92","1898"
"AKPL","2017-07-05","406","417","405","417","1.96","3711"
"AKPL","2017-07-04","400","412","400","409","0.74","1815"
"AKPL","2017-07-03","408","418","405","406","-0.98","5055"
"AKPL","2017-07-02","419","420","405","410","-2.61","3952"
"AKPL","2017-06-28","421","425","417","421","-1.86","1161"
"AKPL","2017-06-27","439","439","427","429","-2.05","2938"
"AKPL","2017-06-25","418","439","418","437","4.78","5526"
"AKPL","2017-06-22","420","420","415","418","0.48","2909"
"AKPL","2017-06-21","410","416","406","416","0.97","8927"
"AKPL","2017-06-20","400","421","400","412","1.73","4359"
"AKPL","2017-06-19","413","418","405","405","-3.11","4938"
"AKPL","2017-06-18","434","435","415","418","-3.69","2107"
"AKPL","2017-06-15","423","434","417","434","0.93","6410"
"AKPL","2017-06-14","415","430","415","430","1.90","4893"
"AKPL","2017-06-13","416","430","416","422","0.00","7280"
"AKPL","2017-06-12","422","435","416","422","-1.86","10653"
"AKPL","2017-06-11","445","445","429","430","-4.02","13870"
"AKPL","2017-06-08","449","449","437","447","0.22","9330"
"AKPL","2017-06-07","448","455","446","447","-2.19","11678"
"AKPL","2017-06-06","441","463","441","457","1.56","5992"
"AKPL","2017-06-05","445","455","443","450","0.00","5406"
"AKPL","2017-06-04","452","459","444","450","-2.17","8662"
"AKPL","2017-06-01","460","462","454","460","0.00","7009"
"AKPL","2017-05-31","460","469","451","460","0.00","8876"
"AKPL","2017-05-30","462","469","450","460","-1.50","11667"
"AKPL","2017-05-28","475","475","461","467","-0.64","7736"
"AKPL","2017-05-24","468","482","460","470","0.43","9904"
"AKPL","2017-05-23","465","483","465","468","-0.85","11209"
"AKPL","2017-05-22","475","479","460","472","-2.48","8730"
"AKPL","2017-05-21","481","485","465","484","-1.22","11480"
"AKPL","2017-05-18","481","493","473","490","1.87","25777"
"AKPL","2017-05-17","472","484","472","480","0.21","14404"
"AKPL","2017-05-16","472","485","472","480","0.63","12819"
"AKPL","2017-05-15","485","493","475","477","-1.65","20965"
"AKPL","2017-05-11","470","503","466","485","3.85","53131"
"AKPL","2017-05-09","444","474","441","467","5.18","48134"
"AKPL","2017-05-08","432","448","432","444","1.14","24419"
"AKPL","2017-05-07","450","450","437","439","-1.79","29759"
"AKPL","2017-05-04","438","450","435","447","2.05","51497"
"AKPL","2017-05-03","452","457","436","438","-1.35","24825"
"AKPL","2017-05-02","445","455","434","444","-0.22","30617"
"AKPL","2017-04-30","460","460","438","445","-3.47","52492"
"AKPL","2017-04-27","433","469","425","461","4.54","45822"
"AKPL","2017-04-26","403","448","403","441","8.09","35032"
"AKPL","2017-04-25","394","418","393","408","1.49","39076"
"AKPL","2017-04-24","403","408","385","402","-2.19","53027"
"AKPL","2017-04-23","400","432","383","411","4.33","99212"
"AKPL","2017-04-19","358","393","365","393","9.78","10034"
"AKPL","2017-04-18","332","358","332","358","9.82","31151"
"AKPL","2017-04-16","297","326","297","326","0.00","9361"