Symbol,Date,Open,High,Low,Close,Percent Change,Volume
AKPL,4/19/2023,395,398,393.1,396.9,0.99,9970
AKPL,4/18/2023,392,397,386.1,393,-0.38,23192
AKPL,4/17/2023,402.7,403,391,394.5,-0.15,21407
AKPL,4/16/2023,407.9,409.3,395.1,395.1,-2.18,31317
AKPL,4/13/2023,413,417,400,403.9,-1.25,49619
AKPL,4/12/2023,397.4,410,395.5,409,4.1,69726
AKPL,4/11/2023,389.9,393.9,382.6,392.9,1.55,20947
AKPL,4/10/2023,381,388.9,376,386.9,1.31,30707
AKPL,4/9/2023,385,390,380,381.9,-2.08,42479
AKPL,4/6/2023,398,398,385.3,390,-0.48,31115
AKPL,4/5/2023,393,395,390.6,391.9,-0.03,21680
AKPL,4/4/2023,395,401,390.1,392,-0.76,25403
AKPL,4/3/2023,398,400,391.9,395,-0.73,25611
AKPL,4/2/2023,405,412.9,395,397.9,-1.75,44517
AKPL,3/30/2023,410,410,403,405,0.25,21936
AKPL,3/29/2023,405,407,403,404,-0.25,16323
AKPL,3/28/2023,412,412,402.1,405,-0.25,39193
AKPL,3/27/2023,398,407,395,406,1.5,46250
AKPL,3/26/2023,404,406,397,400,-0.99,45851
AKPL,3/23/2023,400.2,407,399,404,0.25,57749
AKPL,3/22/2023,415,415,402,403,-2.42,70504
AKPL,3/20/2023,404,415,404,413,1.47,82605
AKPL,3/19/2023,405,408,404,407,0.49,32169
AKPL,3/16/2023,406,409.5,403.1,405,-0.49,40465
AKPL,3/15/2023,405,413,402.1,407,-0.49,46051
AKPL,3/14/2023,411,412,403.1,409,0.52,52507
AKPL,3/13/2023,411,412.5,404.1,406.9,-0.51,32731
AKPL,3/12/2023,419,422,408.4,409,-1.64,82230
AKPL,3/9/2023,402.2,418,399,415.8,5.19,116744
AKPL,3/7/2023,387.1,395.4,387,395.3,1.36,37715
AKPL,3/5/2023,395,397,390,390,-1.02,32573
AKPL,3/2/2023,397,400,393,394,-0.76,46273
AKPL,3/1/2023,404.9,404.9,395,397,-0.5,32350
AKPL,2/28/2023,395,405.8,395,399,0.25,38734
AKPL,2/27/2023,407,407,392.9,398,-1,49443
AKPL,2/26/2023,392,402.5,385,402,0.5,82819
AKPL,2/23/2023,403.1,409,398,400,-2.56,64393
AKPL,2/22/2023,401,411,401,410.5,2.39,42277
AKPL,2/20/2023,401,407,397.5,400.9,-0.52,52413
AKPL,2/16/2023,413,413,402.2,403,-2.42,47463
AKPL,2/15/2023,404,418,401,413,2.99,134419
AKPL,2/15/2023,404,418,401,413,2.99,134419
AKPL,2/14/2023,403,408,397,401,-0.5,57366
AKPL,2/12/2023,414,415,401,403,-4.5,72084
AKPL,2/9/2023,425,425,410,422,0.96,57065
AKPL,2/8/2023,428,428,413,418,-0.95,95101
AKPL,2/7/2023,404,422.5,402.1,422,5.5,115773
AKPL,2/6/2023,400,405,397,400,0,25421
AKPL,2/5/2023,401.5,406,398,400,-0.25,52635
AKPL,2/2/2023,407,408.8,395,401,-1.47,65647
AKPL,2/1/2023,408,410,405,407,-0.25,23898
AKPL,1/31/2023,404.6,413.9,404,408,-0.49,74390
AKPL,1/30/2023,416.1,420,408,410,-2.38,93110
AKPL,1/29/2023,423,428,416.3,420,-1.64,76745
AKPL,1/26/2023,426,428.8,420,427,0.71,110325
AKPL,1/25/2023,418,430,410,424,3.16,98342
AKPL,1/24/2023,411,417,404,411,-0.48,64201
AKPL,1/23/2023,425,426.1,410,413,-1.9,71364
AKPL,1/19/2023,421,429.4,417.5,421,-0.24,60671
AKPL,1/18/2023,426,440,415,422,0.24,196928
AKPL,1/17/2023,399.9,426,399.9,421,3.19,96215
AKPL,1/12/2023,432.4,441,407,408,-3.77,191415
AKPL,1/10/2023,438,460.9,420.1,424,-2.51,300480
AKPL,1/9/2023,416,439,415,434.9,4.29,139025
AKPL,1/8/2023,415,422,404,417,1.46,160826
AKPL,1/5/2023,412,421,400,411,1.73,134613
AKPL,1/4/2023,397,405,389,404,3.06,89972
AKPL,1/3/2023,396,400,387.1,392,-0.76,71676
AKPL,1/2/2023,381,397,375,395,1.8,75575
AKPL,1/1/2023,386,402,373,388,2.37,117367
AKPL,12/29/2022,360,380,360,379,5.28,96450
AKPL,12/28/2022,365,371,353,360,-1.37,70940
AKPL,12/27/2022,357.9,372,354.1,365,3.69,96306
AKPL,12/26/2022,334,352,329,352,7.48,43692
AKPL,12/22/2022,331,331,325,327.5,-1.36,22264
AKPL,12/21/2022,330,332.4,330,332,-0.03,7440
AKPL,12/20/2022,337,337,328.5,332.1,0.18,10236
AKPL,12/19/2022,335.8,335.8,330,331.5,-0.15,11225
AKPL,12/18/2022,341,341,332,332,-2.64,25745
AKPL,12/15/2022,340.3,344.6,340,341,-0.58,18122
AKPL,12/14/2022,342.1,346.7,342.1,343,0,15365
AKPL,12/13/2022,345,350,343,343,-2.28,19850
AKPL,12/12/2022,342.2,351,340.3,351,2.57,28871
AKPL,12/11/2022,343.2,345.1,340,342.2,-1.61,21248
AKPL,12/7/2022,349.1,349.1,342.5,347.8,0.52,16147
AKPL,12/6/2022,350,351,345.3,346,-1.14,16218
AKPL,12/5/2022,357,358,348.1,350,-1.96,25870
AKPL,12/4/2022,355.5,360,353,357,0.42,30328
AKPL,12/1/2022,355,359,353.1,355.5,-0.7,30097
AKPL,11/30/2022,360,360,353,358,0.03,17620
AKPL,11/29/2022,352.1,359.9,350,357.9,0.25,12677
AKPL,11/28/2022,362,365.9,350,357,-1.11,37033
AKPL,11/27/2022,358,362,352.1,361,2.56,29083
AKPL,11/24/2022,350,354.9,347.2,352,-0.28,20132
AKPL,11/23/2022,355,358,348.5,353,0,27597
AKPL,11/22/2022,358,367.2,352.1,353,0,42992
AKPL,11/17/2022,354,361,351,353,1.15,53334
AKPL,11/16/2022,352,353,345,349,0.61,24371
AKPL,11/15/2022,350,357,342,346.9,-0.89,24851
AKPL,11/14/2022,343.1,353.9,343,350,0.86,12106
AKPL,11/13/2022,346.1,357,342.1,347,-1.56,23718
AKPL,11/10/2022,363,366,352,352.5,-1.54,32764
AKPL,11/9/2022,368.1,371,358,358,-2.98,43346
AKPL,11/8/2022,376,376.8,368,369,-1.57,22420
AKPL,11/7/2022,380,384,373,374.9,-0.82,61034
AKPL,11/6/2022,363,382,360,378,4.21,55169
AKPL,11/3/2022,407,414,397,399,-2.18,85959
AKPL,11/2/2022,405,410,393,407.9,2.72,84395
AKPL,11/1/2022,382,399.7,378,397.1,5.05,36958
AKPL,10/31/2022,378,385,377,378,1.07,36557
AKPL,10/23/2022,366,376,366,374,0.54,18480
AKPL,10/20/2022,370.5,375,367,372,0.27,22225
AKPL,10/19/2022,381,381,370,371,-1.9,30861
AKPL,10/17/2022,377,385,377,378.2,-0.99,16226
AKPL,10/16/2022,388,388,378.3,382,-1.8,41920
AKPL,10/13/2022,385,392,383,389,0.31,51464
AKPL,10/12/2022,375,385.3,373,382.5,1.76,32624
AKPL,10/11/2022,380,380,370.2,375.9,-0.03,19429
AKPL,10/10/2022,392,393,375,376,-2.84,30506
AKPL,10/9/2022,382,388,378.1,387,2.52,37233
AKPL,9/29/2022,377,380,375,377.5,0.77,29056
AKPL,9/28/2022,380.6,382.5,374,374.6,0.38,16118
AKPL,9/27/2022,374,385.9,370.6,373.2,0.59,41674
AKPL,9/25/2022,382,383,369.9,371,-3.64,59507
AKPL,9/22/2022,396,397,384,385,-2.53,39424
AKPL,9/21/2022,399.8,401,392.1,395,0.51,25936
AKPL,9/20/2022,406,409.3,392,393,-2.6,82173
AKPL,9/18/2022,416,419,403,403.5,-3.21,52299
AKPL,9/16/2022,415,420,405.1,416.9,-0.95,62353
AKPL,9/15/2022,440,442,420.1,420.9,-4.95,113030
AKPL,9/14/2022,426,443,426,442.8,4.43,64052
AKPL,9/13/2022,421,429,415.6,424,0.71,88463
AKPL,9/12/2022,424,427,418,421,-1.84,44745
AKPL,9/11/2022,434,438.9,427,428.9,-1.18,23035
AKPL,9/8/2022,437,440,427,434,0.23,27822
AKPL,9/7/2022,436,437,430.5,433,-0.53,24179
AKPL,9/6/2022,442,443,435,435.3,-1.52,37779
AKPL,9/5/2022,452,454,441,442,-1.36,27254
AKPL,9/4/2022,459,459,448,448.1,-0.42,45296
AKPL,9/2/2022,444,450,439,450,1.58,55611
AKPL,9/1/2022,439,447,433.1,443,0.25,87080
AKPL,8/31/2022,455,455,441,441.9,-1.87,60243
AKPL,8/30/2022,462,463,450.3,450.3,-2.11,34704
AKPL,8/29/2022,473.2,473.2,453.8,460,-0.86,109191
AKPL,8/28/2022,463,478,461,464,-1.28,221324
AKPL,8/26/2022,475,478,467.1,470,0,100563
AKPL,8/25/2022,490,492.6,470,470,-2.69,150997
AKPL,8/24/2022,459.9,485,459,483,5.25,353606
AKPL,8/23/2022,457,459,450,458.9,1.08,53955
AKPL,8/22/2022,455.1,457,446.1,454,-0.22,54214
AKPL,8/21/2022,465,465,453,455,-0.66,69966
AKPL,8/18/2022,448,469,448,458,2.46,120670
AKPL,8/17/2022,451.9,455,442.9,447,0.88,51450
AKPL,8/16/2022,462.9,467,443.1,443.1,-2.38,88768
AKPL,8/15/2022,430,453.9,430,453.9,5.56,90311
AKPL,8/14/2022,436.5,444,428.2,430,-1.85,53811
AKPL,8/11/2022,450,453.9,438,438.1,-1.55,76863
AKPL,8/10/2022,455,459,443,445,-1.11,74541
AKPL,8/9/2022,468,468.9,447.9,450,-4.05,125829
AKPL,8/8/2022,479,483,468,469,-1.26,80033
AKPL,8/7/2022,472.1,484,471,475,0,81241
AKPL,8/5/2022,480,487.9,471,475,-1.04,117525
AKPL,8/4/2022,500,500,480,480,-2.81,125385
AKPL,8/3/2022,493.5,504,493,493.9,0.37,131928
AKPL,8/2/2022,495,497,487.1,492.1,0.43,82590
AKPL,8/1/2022,499,506,487,490,-0.31,144073
AKPL,7/31/2022,500,503,488,491.5,-0.71,142444
AKPL,7/29/2022,500,503,492,495,-1,82852
AKPL,7/28/2022,513,519,488,500,-2.31,354977
AKPL,7/27/2022,487,513.9,485,511.8,3.41,246815
AKPL,7/26/2022,505,510,488,494.9,-1.02,310713
AKPL,7/25/2022,470,507,466.1,500,6.41,299727
AKPL,7/24/2022,457,469.9,447.9,469.9,4.77,134209
AKPL,7/22/2022,457,461,446,448.5,-1.86,75883
AKPL,7/21/2022,470,470,456,457,-1.93,58750
AKPL,7/20/2022,470,474,461,466,-0.43,90609
AKPL,7/19/2022,464.9,474.9,461,468,1.28,126852
AKPL,7/18/2022,464.9,466,456.3,462.1,-0.62,41399
AKPL,7/17/2022,463,469,450.1,465,1.31,100519
AKPL,7/15/2022,468,468,450,459,-0.52,94823
AKPL,7/14/2022,474,477.9,454.2,461.4,-1.81,114589
AKPL,7/13/2022,455,471,450,469.9,3.96,139532
AKPL,7/12/2022,434,453.9,425,452,5.85,179993
AKPL,7/11/2022,445,445,427,427,-5.74,137285
AKPL,7/8/2022,478.3,478.3,452,453,-3.41,82569
AKPL,7/7/2022,487.5,490,466.5,469,-1.88,132435
AKPL,7/6/2022,487.5,487.5,465.1,478,0,132933
AKPL,7/5/2022,464,484.5,452,478,3.24,249824
AKPL,7/4/2022,468,484,453.1,463,0.89,250633
AKPL,7/3/2022,439,467,431,458.9,4.53,133229
AKPL,7/1/2022,456,456,437.3,439,-2.01,56615
AKPL,6/30/2022,436,452.8,425,448,4.43,131489
AKPL,6/29/2022,410,432.9,400,429,5.85,94326
AKPL,6/28/2022,410,416,403,405.3,-1.86,35787
AKPL,6/27/2022,431.1,437,412,413,-3.73,103544
AKPL,6/26/2022,397,429.9,394,429,9.72,96853
AKPL,6/24/2022,375.1,401,369.2,391,2.36,50856
AKPL,6/23/2022,392,398,378.5,382,-4.5,79456
AKPL,6/22/2022,410,411,397,400,-2.44,33105
AKPL,6/21/2022,396,420,395,410,1.76,45438
AKPL,6/20/2022,414,414,400,402.9,-3.82,96069
AKPL,6/19/2022,432,437.9,416,418.9,-3.01,44746
AKPL,6/17/2022,442,442,430,431.9,-1.17,17059
AKPL,6/16/2022,435.5,444,421,437,2.34,55236
AKPL,6/15/2022,445.8,445.8,423,427,-2.31,58782
AKPL,6/14/2022,441,453,434,437.1,-2.43,59035
AKPL,6/13/2022,451,455,445,448,0.22,21514
AKPL,6/10/2022,452,455,444,447,-0.67,39196
AKPL,6/9/2022,466,467,448.9,450,-1.96,86866
AKPL,6/8/2022,441,465,440,459,4.32,79857
AKPL,6/7/2022,449,451,439,440,-1.79,63278
AKPL,6/6/2022,453,458.9,443,448,0,68607
AKPL,6/3/2022,459,460,448,448,-1.32,55239
AKPL,6/2/2022,462,465,453,454,-1.09,45064
AKPL,6/1/2022,451.3,460,451.1,459,1.71,63423
AKPL,5/31/2022,458,460,450.1,451.3,-1.46,62635
AKPL,5/30/2022,476,476,454.2,458,-1.93,51587
AKPL,5/27/2022,483.5,485,461,467,-2.51,81485
AKPL,5/26/2022,478,481,472,479,0.67,84603
AKPL,5/25/2022,474.1,481,465,475.8,2.34,99536
AKPL,5/24/2022,451.3,470,449,464.9,3.08,97226
AKPL,5/23/2022,457.1,460.1,449.1,451,-3.22,61087
AKPL,5/20/2022,461,473,457,466,1.08,64809
AKPL,5/19/2022,464,475,455.1,461,-0.65,67041
AKPL,5/18/2022,433,472.2,426.4,464,0.05,80103
AKPL,5/17/2022,466,466,441,441.2,-5.5,91591
AKPL,5/12/2022,475,484,460.6,466.9,-1.56,121858
AKPL,5/11/2022,440,475,437,474.3,9.03,105202
AKPL,5/10/2022,402,439.5,396,435,8.21,73225
AKPL,5/9/2022,405,414,396.9,402,0.25,53284
AKPL,5/8/2022,391.6,402,379,401,4.43,31493
AKPL,5/5/2022,391,396,377.3,384,-2.04,47748
AKPL,5/4/2022,398,405.8,386,392,-1.51,31820
AKPL,5/2/2022,415,418,396,398,-5.03,49825
AKPL,4/28/2022,431,435.5,418.8,419.1,-1.85,46800
AKPL,4/27/2022,412.4,428.4,412,427,1.67,33066
AKPL,4/26/2022,421,433,418,420,-1.64,29371
AKPL,4/25/2022,435,445.6,419,427,0,63367
AKPL,4/24/2022,392,428,392,427,9.74,83160
AKPL,4/21/2022,390,395,379.3,389.1,0.28,45659
AKPL,4/20/2022,402,402,387,388,-2.27,31811
AKPL,4/19/2022,396,403,385,397,0.25,42323
AKPL,4/18/2022,417,417,395,396,-4.12,68487
AKPL,4/17/2022,433,435,412,413,-3.28,48381
AKPL,4/13/2022,431.9,436,420,427,-0.42,32929
AKPL,4/12/2022,438,438,428.8,428.8,-2.1,39407
AKPL,4/11/2022,457.9,465,435,438,-2.45,59237
AKPL,4/7/2022,445,453,441,449,1.58,41705
AKPL,4/6/2022,450,455,437.1,442,-1.56,56845
AKPL,4/5/2022,462,469.9,443,449,-2.81,76643
AKPL,4/4/2022,463,473.9,460.1,462,-0.86,36309
AKPL,4/3/2022,484,484,465,466,-2.31,28832
AKPL,3/31/2022,490,495,475.3,477,-2.45,41418
AKPL,3/30/2022,479,490,470,489,3.27,52095
AKPL,3/29/2022,490,492,471,473.5,-2.09,53178
AKPL,3/28/2022,482.3,497.6,482.3,483.6,-0.49,43440
AKPL,3/27/2022,503,507,485.1,486,-3.19,57833
AKPL,3/24/2022,510,514,501,502,-1.95,44146
AKPL,3/23/2022,514.1,520,510,512,-1.16,28244
AKPL,3/22/2022,530,530,518,518,-1.31,51894
AKPL,3/21/2022,505,529,500,524.9,3.94,78753
AKPL,3/20/2022,512,515,503,505,-0.2,50481
AKPL,3/16/2022,517,517,505,506,-0.59,40556
AKPL,3/15/2022,520,520,507,509,-1.76,62526
AKPL,3/14/2022,525,525,514,518.1,-0.94,17359
AKPL,3/13/2022,510,525,510,523,3.56,105985
AKPL,3/10/2022,479,506.9,477,505,5.87,78232
AKPL,3/9/2022,491.9,501.7,475.3,477,-3.03,67492
AKPL,3/7/2022,504,509,490,491.9,-2.38,74283
AKPL,3/6/2022,517,522,500,503.9,-1.58,93807
AKPL,3/2/2022,520.1,527,508,512,-3.4,114000
AKPL,2/28/2022,549.7,560.6,526.6,530,-1.67,168382
AKPL,2/27/2022,532,550.8,529,539,1.32,105006
AKPL,2/24/2022,547,547,530,532,-2.74,88148
AKPL,2/23/2022,550,557,546,547,-0.18,45152
AKPL,2/22/2022,550,557,545.1,548,0.74,64126
AKPL,2/21/2022,536,545,529,544,1.12,58823
AKPL,2/20/2022,533.2,550,515.5,538,-1.1,125018
AKPL,2/17/2022,544,548.8,534.5,544,0.18,67702
AKPL,2/16/2022,565,566,540.1,543,-2.34,69713
AKPL,2/15/2022,542,556.9,533,556,4.32,87996
AKPL,2/14/2022,534,544.6,529,533,-0.19,94614
AKPL,2/13/2022,548.2,548.9,533,534,-4.52,181856
AKPL,2/10/2022,565,573,555,559.3,-1.27,95207
AKPL,2/9/2022,565,580,561.6,566.5,-1.13,88804
AKPL,2/8/2022,590,611,569,573,0,195074
AKPL,2/7/2022,571.6,589.9,571.6,578.9,-0.74,184107
AKPL,2/6/2022,601,601,578.2,583.2,-2.96,245787
AKPL,2/3/2022,612,624,600,601,0.17,391839
AKPL,2/1/2022,590,605,570,600,3.47,402686
AKPL,1/31/2022,592.6,592.6,570,579.9,-0.19,155740
AKPL,1/30/2022,551,582,551,581,7.39,185790
AKPL,1/27/2022,540,549,539,541,0.19,80899
AKPL,1/26/2022,547,555,535.2,540,-2.35,141732
AKPL,1/25/2022,558,571,540,553,-0.9,155695
AKPL,1/24/2022,585,585,550,558,-4.62,322001
AKPL,1/23/2022,604,607.9,583,585,-1.85,131384
AKPL,1/20/2022,577,598,571,596,3.11,165848
AKPL,1/19/2022,587,596,570.4,578,-1.53,193561
AKPL,1/18/2022,614.9,614.9,580,587,-2.64,211932
AKPL,1/17/2022,583.2,606,575,602.9,3.38,274580
AKPL,1/16/2022,585.4,600,578,583.2,1.6,235708
AKPL,1/13/2022,548,574.9,538.1,574,6.3,238036
AKPL,1/12/2022,554,565,540,540,-2.17,208057
AKPL,1/11/2022,557,559.9,540.2,552,0.55,142738
AKPL,1/10/2022,560,565,543,549,-1.4,204840
AKPL,1/9/2022,535,559,530,556.8,5.86,250424
AKPL,1/6/2022,514,527,509,526,2.33,118617
AKPL,1/5/2022,514,527,511,514,-0.04,120607
AKPL,1/4/2022,508,516,497.1,514.2,1.84,83363
AKPL,1/3/2022,514,515,500,504.9,-0.22,112793
AKPL,1/2/2022,493,506.9,490,506,2.64,82669
AKPL,12/29/2021,501.9,502,490,493,0,79157
AKPL,12/28/2021,497,501,472,493,1.02,93245
AKPL,12/27/2021,521,524,486.3,488,-5.43,177984
AKPL,12/26/2021,525,530,512,516,-0.79,124529
AKPL,12/23/2021,535,540,520,520.1,-1.87,152496
AKPL,12/22/2021,502,530,500,530,7.51,168665
AKPL,12/21/2021,483,494,476,493,3.79,85423
AKPL,12/20/2021,486,497,471.2,475,-2.36,84121
AKPL,12/16/2021,510,510,485.1,486.5,-3.85,108126
AKPL,12/15/2021,513,534.4,495,506,0.44,220174
AKPL,12/14/2021,467,503.8,460,503.8,10,94999
AKPL,12/13/2021,472.4,489.9,450,458,-4.98,196899
AKPL,12/12/2021,506.5,522.2,478,482,-5.86,138457
AKPL,12/9/2021,511,525.2,505,512,-1.35,116336
AKPL,12/8/2021,530,542,515,519,-3.71,134136
AKPL,12/7/2021,565.6,571,536.2,539,-3.75,118755
AKPL,12/6/2021,539,563,515,560,3.7,211539
AKPL,12/5/2021,563,574.2,538.5,540,-5.92,169159
AKPL,12/2/2021,599,599,568.1,574,-2.55,110598
AKPL,12/1/2021,580,592,580,589,1.55,90259
AKPL,11/30/2021,589.9,590,574,580,0,103984
AKPL,11/29/2021,586,605,577,580,-1.02,113827
AKPL,11/28/2021,600,610,585,586,-4.25,203824
AKPL,11/25/2021,620,624.5,610,612,-0.97,83490
AKPL,11/24/2021,615,626.2,595,618,0.32,208566
AKPL,11/23/2021,625,635,613,616,-2.69,156637
AKPL,11/22/2021,639,640.9,626,633,0.96,234581
AKPL,11/21/2021,610,635.4,603.7,627,1.79,229197
AKPL,11/18/2021,630,647.7,615,616,-2.22,164322
AKPL,11/17/2021,632.4,654,621,630,1.61,302488
AKPL,11/16/2021,624,624,610,620,0.99,122858
AKPL,11/15/2021,612,623,610,613.9,2.32,101843
AKPL,11/14/2021,597.7,615,586,600,2.39,217525
AKPL,11/11/2021,604,609.8,577,586,-4.17,213717
AKPL,11/9/2021,645,645,605,611.5,-5.49,265901
AKPL,11/8/2021,657.9,669.9,646,647,0.31,136643
AKPL,11/3/2021,612,660,612,645,7.5,337120
AKPL,11/2/2021,587,604,575.3,600,2.21,122954
AKPL,11/1/2021,616,624,586,587,-3.61,195198
AKPL,10/31/2021,579.3,614,563,609,7.22,160421
AKPL,10/28/2021,540,575,535,568,3.27,165688
AKPL,10/27/2021,552,565.5,530,550,-0.36,210701
AKPL,10/26/2021,526.2,567,523,552,7,190626
AKPL,10/25/2021,475,515.9,474,515.9,10,136864
AKPL,10/24/2021,450,472,444,469,4.22,85361
AKPL,10/21/2021,465,468,449,450,-2.17,61033
AKPL,10/20/2021,448,475,446,460,4.55,57342
AKPL,10/19/2021,464,465,432,440,-5.17,131685
AKPL,10/18/2021,475,475.3,452.1,464,-3.33,108734
AKPL,10/17/2021,485,488,466.5,480,0.84,23174
AKPL,10/11/2021,474,482.7,466.1,476,-1.24,66133
AKPL,10/10/2021,502,502,480.2,482,-2.23,80592
AKPL,10/6/2021,476,497.2,471,493,4.89,85860
AKPL,10/5/2021,462,475,455,470,3.64,67748
AKPL,10/4/2021,463,480,450,453.5,-3.92,121078
AKPL,10/3/2021,494,500,466,472,-4.45,148050
AKPL,9/30/2021,520,526,491,494,-4.08,130752
AKPL,9/29/2021,486,525,466,515,5.97,236151
AKPL,9/28/2021,524,544,480.3,486,-7.25,249406
AKPL,9/27/2021,564,585,522,524,-5.24,207373
AKPL,9/26/2021,590,593,550,553,-6.46,200221
AKPL,9/23/2021,621.1,621.1,590,591.2,-2.92,147108
AKPL,9/22/2021,576.1,612,576,609,7.81,186345
AKPL,9/21/2021,550,588,510,564.9,2.71,272544
AKPL,9/20/2021,599,600,540,550,-8.18,265478
AKPL,9/16/2021,615,620,591,599,-4.5,263033
AKPL,9/15/2021,640,644,625.5,627.2,-2,179012
AKPL,9/14/2021,662,662,630.5,640,-1.48,138028
AKPL,9/13/2021,668.7,695.6,643,649.6,-0.92,303844
AKPL,9/12/2021,607.9,655.6,607.9,655.6,10,286139
AKPL,9/9/2021,589,606,578.2,596,2.92,192883
AKPL,9/8/2021,600,603,577.3,579.1,-3.47,109071
AKPL,9/7/2021,605,628,572,599.9,0.84,227199
AKPL,9/6/2021,540,594.9,530,594.9,9.98,276714
AKPL,9/5/2021,589,590,540.9,540.9,-10,326478
AKPL,9/2/2021,645,652,592,601,-6.09,289654
AKPL,9/1/2021,659,669,633.1,640,-2.88,181760
AKPL,8/31/2021,694,694.6,658,659,-3.23,341688
AKPL,8/29/2021,843.5,860,793.1,797,-3.63,1069649
AKPL,8/26/2021,795,850,788,827,4.83,551272
AKPL,8/25/2021,777,821,745,788.9,1.47,624251
AKPL,8/24/2021,814,823,775.1,777.5,-6.38,905177
AKPL,8/19/2021,818.2,882.4,805,830.5,3.53,1382304
AKPL,8/18/2021,743.8,802.2,743.8,802.2,10,125488
AKPL,8/17/2021,675,729.3,666,729.3,10,843940
AKPL,8/16/2021,668,672,643,663,1.22,291545
AKPL,8/15/2021,674.3,679,635,655,-4.8,720863
AKPL,8/12/2021,698.7,715,681,688,0.44,579592
AKPL,8/11/2021,630,686,630,685,9.78,840637
AKPL,8/10/2021,635,645,618,624,-1.11,660814
AKPL,8/9/2021,631,637,617.1,631,1.94,507218
AKPL,8/8/2021,598,626,585,619,4.31,534026
AKPL,8/5/2021,627,627,592,593.4,-3.51,474739
AKPL,8/4/2021,600,621,591,615,4.08,681327
AKPL,8/3/2021,595,595,575,590.9,1.18,319578
AKPL,8/2/2021,592.6,619,576.3,584,0.52,638039
AKPL,8/1/2021,566,586.5,566,581,3.2,325963
AKPL,7/29/2021,570,575,555,563,-0.35,280372
AKPL,7/28/2021,596.7,609,565,565,-3.42,446786
AKPL,7/27/2021,560,596,558,585,4.9,457237
AKPL,7/26/2021,581,586,556,557.7,-2.16,340135
AKPL,7/25/2021,524,576.4,520,570,8.78,628087
AKPL,7/22/2021,543.6,543.6,518,524,-1.69,418366
AKPL,7/20/2021,529.3,544,511,533,2.7,730416
AKPL,7/19/2021,500,521,489,519,5.7,537864
AKPL,7/18/2021,483,499,483,491,3.59,253647
AKPL,7/15/2021,470,487,460,474,3.49,284343
AKPL,7/14/2021,457,458,447,458,1.78,86836
AKPL,7/13/2021,471,471,441,450,0.22,100089
AKPL,7/12/2021,465,469,437,449,-1.54,204397
AKPL,7/11/2021,435,457,435,456,5.31,193425
AKPL,7/8/2021,428,435,425,433,1.41,87975
AKPL,7/7/2021,401,431,401,427,1.18,105707
AKPL,7/6/2021,427,438,421,422,0,64447
AKPL,7/5/2021,435,435,421,422,-1.17,66851
AKPL,7/4/2021,439,440,426,427,-1.39,96041
AKPL,7/1/2021,430,440,425,433,1.88,189336
AKPL,6/30/2021,444,444,414,425,0.47,161003
AKPL,6/29/2021,432,448,421,423,-2.53,138501
AKPL,6/28/2021,448,448,433,434,-1.36,115388
AKPL,6/27/2021,445,453,436,440,0.92,143558
AKPL,6/24/2021,445,455,425,436,-0.23,184146
AKPL,6/23/2021,469,475,437,437,-5,201232
AKPL,6/22/2021,435,462,414,460,7.48,328726
AKPL,6/21/2021,470,470,427,428,-5.31,341219
AKPL,6/20/2021,478,481,441,452,-4.64,325637
AKPL,6/17/2021,475,490,460,474,-0.21,284274
AKPL,6/16/2021,471,510,460,475,-4.04,512685
AKPL,6/15/2021,514,517,493,495,-3.7,525578
AKPL,6/14/2021,553,553,503,514,-2.47,772074
AKPL,6/13/2021,505,530,493,527,7.55,790346
AKPL,6/10/2021,487,508,463,490,5.6,606929
AKPL,6/9/2021,458,476,445,464,0.03,510093
AKPL,6/8/2021,477,477,452,452,-0.66,476407
AKPL,6/7/2021,438,457,435,455,4.84,392597
AKPL,6/6/2021,440,441,424,434,-1.14,349036
AKPL,6/3/2021,452,464,435,439,-2.88,333442
AKPL,6/2/2021,456,459,430,452,3.91,327969
AKPL,6/1/2021,415,441,415,435,1.87,366669
AKPL,5/31/2021,431,470,421,427,-5.74,606893
AKPL,5/30/2021,486,486,443,453,-2.16,1012079
AKPL,5/27/2021,415,463,412,463,9.98,836448
AKPL,5/25/2021,400,424,390,421,7.95,825687
AKPL,5/24/2021,390,397,385,390,0.26,530132
AKPL,5/23/2021,362,391,361,389,2.91,397528
AKPL,5/20/2021,377,382,373,378,-0.53,310631
AKPL,5/19/2021,412,412,376,380,-3.31,483778
AKPL,5/18/2021,397,402,380,393,3.69,799163
AKPL,5/17/2021,369,380,365,379,4.12,668227
AKPL,5/16/2021,380,380,362,364,0.55,495370
AKPL,5/13/2021,355,365,352,362,2.55,599643
AKPL,5/12/2021,342,354,342,353,2.02,220023
AKPL,5/11/2021,347,349,343,346,0.58,146524
AKPL,5/10/2021,342,350,341,344,0.58,113699
AKPL,5/9/2021,350,353,342,342,-1.72,163371
AKPL,5/6/2021,360,360,345,348,-2.25,329436
AKPL,5/5/2021,351,361,350,356,1.42,384481
AKPL,5/4/2021,335,358,335,351,3.24,624687
AKPL,5/3/2021,325,349,325,340,-0.58,161883
AKPL,5/2/2021,344,348,338,342,0.59,186531
AKPL,4/29/2021,352,352,336,340,1.19,191298
AKPL,4/28/2021,345,345,333,336,-1.75,72840
AKPL,4/27/2021,325,345,323,342,5.23,192255
AKPL,4/26/2021,337,340,324,325,-3.85,226564
AKPL,4/25/2021,354,354,334,338,-3.15,247852
AKPL,4/22/2021,356,356,345,349,-0.29,185879
AKPL,4/21/2021,365,366,349,350,-2.78,323315
AKPL,4/20/2021,336,363,336,360,5.57,404412
AKPL,4/19/2021,352,355,339,341,-2.85,289675
AKPL,4/18/2021,340,360,339,351,4.46,761142
AKPL,4/15/2021,351,351,331,336,0.3,184237
AKPL,4/13/2021,335,337,330,335,0.6,116361
AKPL,4/12/2021,320,343,320,333,0.91,116158
AKPL,4/8/2021,336,339,330,330,-0.9,93817
AKPL,4/7/2021,350,350,332,333,-2.06,203537
AKPL,4/6/2021,332,346,328,340,1.8,364925
AKPL,4/5/2021,337,340,330,334,-0.6,148903
AKPL,4/4/2021,340,344,334,336,-0.3,118741
AKPL,4/1/2021,326,346,326,337,2.12,216523
AKPL,3/31/2021,335,336,329,330,0.3,83567
AKPL,3/30/2021,325,332,325,329,0,63744
AKPL,3/29/2021,330,332,325,329,-1.79,59879
AKPL,3/25/2021,345,346,333,335,-2.62,201670
AKPL,3/24/2021,338,345,332,344,2.99,294418
AKPL,3/23/2021,305,339,305,334,4.05,314289
AKPL,3/22/2021,315,325,310,321,1.58,131308
AKPL,3/21/2021,332,332,314,316,-0.32,60649
AKPL,3/18/2021,312,317,309,317,2.26,260206
AKPL,3/17/2021,308,314,308,310,0.32,49039
AKPL,3/16/2021,305,315,305,309,0,47327
AKPL,3/15/2021,313,318,307,309,-2.22,87792
AKPL,3/14/2021,320,323,310,316,-1.25,92310
AKPL,3/10/2021,319,324,317,320,0.95,52766
AKPL,3/9/2021,317,326,313,317,0,188870
AKPL,3/8/2021,330,330,314,317,-2.16,62313
AKPL,3/4/2021,300,326,300,324,6.58,115157
AKPL,3/3/2021,302,309,301,304,-0.33,111582
AKPL,3/2/2021,317,318,303,305,-3.48,113061
AKPL,3/1/2021,305,320,301,316,0,92277
AKPL,2/28/2021,338,338,304,309,-4.04,155933
AKPL,2/25/2021,341,341,318,322,0,110762
AKPL,2/24/2021,335,340,325,325,-1.22,101981
AKPL,2/23/2021,328,333,316,329,0,127744
AKPL,2/22/2021,334,345,328,329,-1.5,143616
AKPL,2/21/2021,330,345,329,334,0.01,167804
AKPL,2/18/2021,331,336,329,330,-0.01,131578
AKPL,2/17/2021,340,340,330,333,-0.01,185035
AKPL,2/16/2021,338,344,330,336,-0.01,253082
AKPL,2/15/2021,336,347,332,338,0.02,231045
AKPL,2/14/2021,350,350,325,331,-0.01,132596
AKPL,2/11/2021,347,347,328,336,0.02,467947
AKPL,2/10/2021,355,355,330,331,-0.02,292000
AKPL,2/9/2021,332,357,332,335,-0.04,212237
AKPL,2/8/2021,359,362,344,349,-0.02,401850
AKPL,2/7/2021,345,368,345,355,0.04,496380
AKPL,2/4/2021,335,346,318,340,0.04,498709
AKPL,2/3/2021,320,335,310,327,0.07,943804
AKPL,2/2/2021,299,306,293,305,0.04,304360
AKPL,2/1/2021,303,303,287,294,0.02,119453
AKPL,1/31/2021,294,295,284,289,-0.03,155261
AKPL,1/28/2021,302,306,293,297,-0.01,232443
AKPL,1/27/2021,303,309,296,301,0.01,190866
AKPL,1/26/2021,300,311,295,299,0,275916
AKPL,1/25/2021,305,314,295,298,-0.02,276130
AKPL,1/24/2021,315,326,303,305,0.02,506533
AKPL,1/21/2021,275,300,269,300,0.1,475655
AKPL,1/20/2021,265,274,265,273,0.01,124299
AKPL,1/19/2021,272,274,267,269,-0.01,151379
AKPL,1/18/2021,270,279,270,272,-0.01,132709
AKPL,1/17/2021,278,280,272,276,0,147702
AKPL,1/13/2021,270,277,269,277,0.04,253995
AKPL,1/12/2021,282,282,264,266,-0.01,116448
AKPL,1/11/2021,264,275,262,269,0.02,80629
AKPL,1/10/2021,267,272,263,264,0,146086
AKPL,1/7/2021,272,272,261,265,-0.01,153465
AKPL,1/6/2021,286,286,266,269,-0.01,138740
AKPL,1/5/2021,276,278,264,273,0.04,309970
AKPL,1/4/2021,259,273,259,263,0.02,191806
AKPL,1/3/2021,259,260,253,259,0.01,137269
AKPL,12/31/2020,250,258,250,257,0.03,166023
AKPL,12/30/2020,262,267,245,250,0,38348
AKPL,12/29/2020,258,259,248,250,-0.02,51210
AKPL,12/28/2020,244,254,244,254,0.03,49733
AKPL,12/27/2020,246,251,245,246,-0.01,72044
AKPL,12/24/2020,259,259,247,249,-0.02,135314
AKPL,12/23/2020,261,266,252,255,-0.02,27417
AKPL,12/22/2020,257,269,250,261,0.04,99816
AKPL,12/21/2020,242,255,240,252,0.02,101016
AKPL,12/20/2020,258,258,246,248,-0.05,155103
AKPL,12/17/2020,255,264,255,260,0,83752
AKPL,12/16/2020,262,267,259,260,-0.02,93758
AKPL,12/15/2020,261,275,261,265,0,78197
AKPL,12/14/2020,283,283,265,265,-0.02,71284
AKPL,12/13/2020,276,276,270,270,-0.03,43275
AKPL,12/10/2020,273,284,272,278,0.01,155283
AKPL,12/9/2020,273,289,273,276,0.01,826604
AKPL,12/8/2020,261,278,259,273,0.03,275890
AKPL,12/7/2020,258,266,255,264,0.02,94733
AKPL,12/6/2020,285,285,258,258,-0.05,86437
AKPL,12/3/2020,275,280,267,272,0,352726
AKPL,12/2/2020,274,279,266,273,0,132729
AKPL,12/1/2020,285,285,268,274,-0.01,170780
AKPL,11/30/2020,265,280,262,278,0.06,239766
AKPL,11/29/2020,265,265,252,262,0.03,171088
AKPL,11/26/2020,275,277,267,269,0,258529
AKPL,11/25/2020,268,274,265,273,0.02,102066
AKPL,11/24/2020,271,273,266,268,0,157546
AKPL,11/23/2020,269,274,266,268,-0.02,146121
AKPL,11/22/2020,273,281,268,273,0,151938
AKPL,11/19/2020,275,278,265,273,0,356350
AKPL,11/18/2020,294,294,264,268,0,278038
AKPL,11/12/2020,294,294,275,280,0,295205
AKPL,11/11/2020,280,286,276,280,1.08,330146
AKPL,11/10/2020,291,291,272,277,-0.36,293155
AKPL,11/9/2020,283,284,273,278,-1.77,290193
AKPL,11/8/2020,292,292,283,283,-1.39,271374
AKPL,11/5/2020,268,290,268,287,7.09,664865
AKPL,11/4/2020,258,274,258,268,1.9,306703
AKPL,11/3/2020,255,267,255,263,3.14,168191
AKPL,11/2/2020,259,264,255,255,-1.54,64882
AKPL,11/1/2020,265,267,259,259,-0.77,182725
AKPL,10/29/2020,260,266,258,261,0,144749
AKPL,10/28/2020,261,262,254,261,0,64241
AKPL,10/22/2020,276,276,261,261,-0.76,159008
AKPL,10/21/2020,268,269,261,263,-1.5,121928
AKPL,10/20/2020,262,271,260,267,3.09,338528
AKPL,10/19/2020,249,259,249,259,4.02,137788
AKPL,10/18/2020,245,255,242,249,1.63,111247
AKPL,10/15/2020,229,250,229,245,1.66,143041
AKPL,10/14/2020,243,250,239,241,-2.43,180194
AKPL,10/13/2020,248,260,243,247,0,450519
AKPL,10/12/2020,264,264,245,247,-1.98,167487
AKPL,10/11/2020,245,256,245,252,0.8,297090
AKPL,10/8/2020,270,272,249,250,-6.37,484764
AKPL,10/7/2020,252,277,252,267,5.95,578663
AKPL,10/6/2020,237,258,237,252,1.2,357040
AKPL,10/5/2020,239,255,239,249,5.96,472846
AKPL,10/4/2020,235,249,225,235,-0.42,406514
AKPL,10/1/2020,245,245,232,236,-2.88,214757
AKPL,9/30/2020,227,245,227,243,6.58,416810
AKPL,9/29/2020,213,228,213,228,6.05,784871
AKPL,9/28/2020,218,222,202,215,0.47,107644
AKPL,9/27/2020,214,229,207,214,-1.83,339516
AKPL,9/24/2020,200,220,200,218,9,691961
AKPL,9/23/2020,190,201,184,200,5.26,181706
AKPL,9/22/2020,196,198,187,190,-2.56,135927
AKPL,9/21/2020,193,200,186,195,0,267468
AKPL,9/20/2020,210,211,185,195,-4.41,385240
AKPL,9/17/2020,201,208,192,204,5.15,232516
AKPL,9/16/2020,180,197,179,194,6.01,249235
AKPL,9/15/2020,190,190,181,183,-2.14,124919
AKPL,9/14/2020,180,187,172,187,7.47,337243
AKPL,9/13/2020,172,178,161,174,6.1,276544
AKPL,9/10/2020,169,169,158,164,1.86,94234
AKPL,9/9/2020,176,176,161,161,-4.17,94772
AKPL,9/8/2020,176,176,156,168,0,198230
AKPL,9/7/2020,174,174,163,168,-5.08,281741
AKPL,9/6/2020,175,180,161,177,5.99,507389
AKPL,9/3/2020,159,167,151,167,9.87,507261
AKPL,9/2/2020,145,152,142,152,9.35,169513
AKPL,8/31/2020,121,139,121,139,9.45,323989
AKPL,8/30/2020,118,129,120,127,7.63,260489
AKPL,8/27/2020,112,121,112,118,0.85,105374
AKPL,8/26/2020,120,120,116,117,-3.31,32481
AKPL,8/25/2020,117,121,115,121,3.42,31700
AKPL,8/24/2020,114,118,112,117,4.46,69312
AKPL,8/23/2020,113,115,112,112,-0.88,33298
AKPL,8/20/2020,108,116,108,113,0,4452
AKPL,8/19/2020,113,113,111,113,0.89,25480
AKPL,8/18/2020,115,117,112,112,-2.61,31339
AKPL,8/17/2020,115,115,112,115,1.77,57414
AKPL,8/16/2020,112,114,112,113,0,61466
AKPL,8/13/2020,114,116,113,113,-0.88,47518
AKPL,8/12/2020,115,115,113,114,-0.87,47650
AKPL,8/11/2020,116,117,114,115,-0.86,50072
AKPL,8/10/2020,112,118,112,116,3.57,85043
AKPL,8/9/2020,113,114,110,112,-0.88,43961
AKPL,8/6/2020,114,114,112,113,-0.88,41673
AKPL,8/5/2020,113,117,111,114,-0.87,34631
AKPL,8/3/2020,115,116,113,115,-0.86,56318
AKPL,8/2/2020,118,119,115,116,-3.33,31127
AKPL,7/30/2020,114,120,114,120,3.45,51869
AKPL,7/29/2020,113,116,113,116,0.87,19757
AKPL,7/28/2020,118,118,115,115,-0.86,44336
AKPL,7/27/2020,119,120,116,116,-0.85,48691
AKPL,7/26/2020,124,124,115,117,-1.68,58457
AKPL,7/23/2020,116,119,115,119,1.71,32260
AKPL,7/22/2020,115,118,115,117,0,11474
AKPL,7/21/2020,118,122,116,117,-2.5,22331
AKPL,7/20/2020,127,129,118,120,-4.76,39279
AKPL,7/19/2020,122,126,122,126,7.69,590
AKPL,7/16/2020,115,119,115,117,0.86,39605
AKPL,7/15/2020,115,119,115,116,-0.85,17259
AKPL,7/14/2020,120,120,115,117,-0.85,14709
AKPL,7/13/2020,116,119,116,118,0.85,14772
AKPL,7/12/2020,115,121,115,117,1.74,20204
AKPL,7/9/2020,117,118,114,115,-0.86,17856
AKPL,7/8/2020,118,119,115,116,-3.33,14349
AKPL,7/7/2020,116,123,116,120,2.56,34378
AKPL,7/6/2020,113,117,113,117,2.63,15297
AKPL,7/5/2020,113,121,112,114,0.88,19550
AKPL,7/2/2020,123,125,113,113,-9.6,2650
AKPL,7/1/2020,124,132,124,125,2.46,13890
AKPL,6/30/2020,112,122,112,122,9.91,13091
AKPL,6/29/2020,104,112,100,111,5.66,22655
AKPL,5/13/2020,107,107,106,106,-2.75,250
AKPL,5/12/2020,110,110,109,109,-2.68,120
AKPL,3/22/2020,111,112,111,112,-0.88,110
AKPL,3/19/2020,110,115,108,113,0.89,64256
AKPL,3/18/2020,114,117,110,112,-1.75,52714
AKPL,3/17/2020,116,117,114,114,-2.56,27976
AKPL,3/16/2020,119,120,113,117,0,52082
AKPL,3/15/2020,119,121,116,117,-3.31,79157
AKPL,3/12/2020,125,125,118,121,-3.2,114156
AKPL,3/11/2020,120,126,119,125,5.93,171929
AKPL,3/10/2020,122,126,118,118,-4.07,37222
AKPL,3/5/2020,124,128,122,123,-2.38,70594
AKPL,3/4/2020,128,131,125,126,-2.33,44397
AKPL,3/3/2020,129,135,125,129,0,93003
AKPL,3/2/2020,131,136,129,129,-3.01,36954
AKPL,3/1/2020,139,139,133,133,-4.32,95475
AKPL,2/27/2020,142,144,137,139,-3.47,82676
AKPL,2/26/2020,146,152,141,144,0,71470
AKPL,2/25/2020,135,148,135,144,5.11,168767
AKPL,2/24/2020,139,143,134,137,-1.44,93296
AKPL,2/23/2020,139,144,136,139,1.46,105342
AKPL,2/20/2020,135,139,135,137,1.48,66486
AKPL,2/19/2020,139,141,135,135,-1.46,53365
AKPL,2/18/2020,145,145,134,137,-1.44,189982
AKPL,2/17/2020,134,140,128,139,8.59,251370
AKPL,2/16/2020,128,130,122,128,4.92,145215
AKPL,2/13/2020,124,125,122,122,-1.61,43748
AKPL,2/12/2020,123,125,122,124,1.64,43900
AKPL,2/11/2020,122,125,122,122,0.83,58315
AKPL,2/10/2020,121,123,121,121,-0.82,49998
AKPL,2/9/2020,123,124,121,122,-1.61,82227
AKPL,2/6/2020,124,126,123,124,0,43448
AKPL,2/5/2020,127,129,123,124,-1.59,61072
AKPL,2/4/2020,126,129,123,126,1.61,165636
AKPL,2/3/2020,120,130,120,124,3.33,183561
AKPL,2/2/2020,123,126,120,120,-4,124643
AKPL,1/30/2020,119,131,119,125,4.17,67838
AKPL,1/29/2020,123,123,119,120,-2.44,38668
AKPL,1/28/2020,126,126,123,123,-1.6,27660
AKPL,1/27/2020,123,127,122,125,0,27122
AKPL,1/26/2020,123,125,120,122,-2.4,56113
AKPL,1/23/2020,128,128,124,125,-2.34,14223
AKPL,1/22/2020,127,131,125,128,0.79,11644
AKPL,1/21/2020,126,130,123,127,0.79,38192
AKPL,1/20/2020,136,136,126,126,-6.67,44731
AKPL,1/19/2020,138,140,132,135,-0.74,63016
AKPL,1/16/2020,139,141,134,136,-2.16,35964
AKPL,1/15/2020,137,141,133,139,2.96,64081
AKPL,1/14/2020,126,137,124,135,5.47,88180
AKPL,1/13/2020,122,132,117,128,6.67,148466
AKPL,1/12/2020,117,121,113,119,3.48,52985
AKPL,1/9/2020,112,118,112,115,0.88,54453
AKPL,1/8/2020,119,119,114,114,-4.2,20050
AKPL,1/7/2020,112,122,112,119,2.59,32615
AKPL,1/6/2020,115,117,113,116,0,39011
AKPL,1/5/2020,112,120,112,116,1.75,21265
AKPL,1/2/2020,112,114,111,114,1.79,26330
AKPL,1/1/2020,110,114,109,112,2.75,36221
AKPL,12/31/2019,109,110,108,109,-0.91,19770
AKPL,12/30/2019,109,112,107,110,0.92,15955
AKPL,12/29/2019,109,110,107,109,0,17933
AKPL,12/26/2019,110,111,109,109,-2.68,21944
AKPL,12/25/2019,112,112,110,112,-1.75,20914
AKPL,12/24/2019,113,117,112,114,-0.87,22566
AKPL,12/23/2019,114,117,114,115,2.68,7233
AKPL,12/22/2019,118,118,108,112,-6.67,83816
AKPL,12/19/2019,123,123,119,120,-4,3629
AKPL,12/18/2019,121,125,121,125,1.63,696
AKPL,12/17/2019,128,128,123,123,-2.38,5010
AKPL,12/16/2019,121,128,121,126,2.44,2455
AKPL,12/15/2019,130,132,124,130,1.56,5601
AKPL,12/12/2019,122,129,118,128,5.79,9016
AKPL,12/11/2019,116,121,115,121,3.42,1415
AKPL,12/10/2019,121,121,117,117,-4.1,1700
AKPL,12/9/2019,113,124,113,122,7.96,739
AKPL,12/8/2019,115,115,113,113,-2.59,291
AKPL,12/5/2019,119,119,113,116,-0.85,1132
AKPL,12/4/2019,114,117,112,117,0.86,5646
AKPL,12/3/2019,114,117,112,116,1.75,1966
AKPL,12/2/2019,120,120,114,114,-6.56,2284
AKPL,12/1/2019,118,122,117,122,1.67,1287
AKPL,11/28/2019,114,120,114,120,3.45,869
AKPL,11/27/2019,111,118,110,116,3.57,1431
AKPL,11/26/2019,111,112,111,112,-0.88,1577
AKPL,11/25/2019,107,113,106,113,3.67,1260
AKPL,11/24/2019,111,111,108,109,-3.54,5100
AKPL,11/21/2019,113,117,113,113,-1.74,2369
AKPL,11/20/2019,120,121,115,115,-3.36,8598
AKPL,11/19/2019,123,123,119,119,-4.8,9560
AKPL,11/18/2019,125,125,121,125,0,3859
AKPL,11/17/2019,130,130,125,125,-3.1,6438
AKPL,11/14/2019,130,132,126,129,-0.77,2824
AKPL,11/13/2019,130,130,130,130,0,551
AKPL,11/12/2019,127,130,121,130,0.78,1060
AKPL,11/11/2019,125,129,123,129,3.2,266
AKPL,11/10/2019,128,128,125,125,-3.1,199
AKPL,11/7/2019,127,129,127,129,0,417
AKPL,11/6/2019,131,131,129,129,0,172
AKPL,11/5/2019,129,130,127,129,0,1825
AKPL,11/4/2019,130,130,126,129,-0.77,4854
AKPL,11/3/2019,130,131,128,130,0.78,869
AKPL,10/31/2019,128,131,127,129,-0.77,753
AKPL,10/24/2019,138,138,130,130,-5.8,1460
AKPL,10/23/2019,136,138,132,138,0.73,1387
AKPL,10/22/2019,133,137,133,137,2.24,383
AKPL,10/21/2019,132,134,132,134,0,815
AKPL,10/20/2019,134,136,133,134,0,175
AKPL,10/17/2019,132,137,132,134,0,2260
AKPL,10/16/2019,134,134,134,134,-1.47,13
AKPL,10/15/2019,134,136,134,136,1.49,2025
AKPL,10/14/2019,142,142,134,134,-5.63,289
AKPL,10/10/2019,138,142,132,142,1.43,1290
AKPL,10/3/2019,136,140,136,140,1.45,354
AKPL,10/2/2019,138,138,138,138,-0.72,10
AKPL,10/1/2019,140,140,138,139,-0.71,1730
AKPL,9/30/2019,133,139,133,139,2.96,1581
AKPL,9/29/2019,133,135,129,135,0,1845
AKPL,9/26/2019,135,135,129,135,1.5,666
AKPL,9/24/2019,130,131,130,130,-0.76,500
AKPL,9/23/2019,131,133,129,131,-0.76,2356
AKPL,9/22/2019,131,133,131,132,-0.75,245
AKPL,9/19/2019,139,140,133,133,-5.67,1581
AKPL,9/18/2019,141,143,135,141,0,3059
AKPL,9/17/2019,132,141,132,141,8.46,6130
AKPL,9/16/2019,135,135,129,130,-2.99,12722
AKPL,9/15/2019,135,135,127,134,-2.19,3744
AKPL,9/12/2019,151,151,135,137,-4.86,11208
AKPL,9/11/2019,140,144,139,144,2.86,653
AKPL,9/10/2019,144,144,138,140,-4.11,7880
AKPL,9/9/2019,148,148,144,146,-1.35,2520
AKPL,9/8/2019,150,150,146,148,0,2638
AKPL,9/5/2019,156,156,147,148,-6.92,3387
AKPL,9/4/2019,159,159,159,159,1.92,10
AKPL,9/3/2019,147,156,141,156,4.7,5658
AKPL,9/2/2019,155,155,147,149,-3.87,3570
AKPL,9/1/2019,151,155,151,155,2.65,5681
AKPL,8/29/2019,151,151,149,151,0,1057
AKPL,8/28/2019,150,155,150,151,-1.31,4560
AKPL,8/27/2019,157,157,153,153,-3.77,2320
AKPL,8/26/2019,153,159,150,159,1.92,1176
AKPL,8/25/2019,156,156,151,156,-1.89,321
AKPL,8/22/2019,158,159,154,159,-1.24,7328
AKPL,8/21/2019,153,161,152,161,3.21,5578
AKPL,8/20/2019,154,158,154,156,-4.29,553
AKPL,8/19/2019,158,163,155,163,3.16,1918
AKPL,8/18/2019,161,161,157,158,-1.25,375
AKPL,8/15/2019,160,162,160,160,-1.23,749
AKPL,8/14/2019,163,165,162,162,-1.82,1034
AKPL,8/13/2019,164,167,163,165,0.61,3690
AKPL,8/12/2019,162,165,162,164,0,574
AKPL,8/11/2019,164,166,164,164,-1.8,1301
AKPL,8/8/2019,166,169,165,167,-1.18,606
AKPL,8/7/2019,166,172,165,169,0.6,344
AKPL,8/6/2019,168,168,167,168,-1.75,1981
AKPL,8/5/2019,168,171,168,171,0,2877
AKPL,8/4/2019,169,171,167,171,0.59,2950
AKPL,8/1/2019,169,178,169,170,0.59,966
AKPL,7/31/2019,170,173,169,169,-1.17,3053
AKPL,7/30/2019,167,173,167,171,0.59,3127
AKPL,7/29/2019,170,173,167,170,-1.73,972
AKPL,7/28/2019,171,173,170,173,-0.57,4151
AKPL,7/25/2019,178,178,173,174,-2.25,1303
AKPL,7/24/2019,174,178,173,178,1.71,2799
AKPL,7/23/2019,173,177,173,175,0,11037
AKPL,7/22/2019,173,179,173,175,-0.57,11449
AKPL,7/21/2019,177,177,172,176,-2.22,2957
AKPL,7/18/2019,177,180,177,180,0,5360
AKPL,7/17/2019,185,185,175,180,-4.26,4315
AKPL,7/16/2019,175,188,174,188,6.21,3457
AKPL,7/15/2019,177,181,177,177,-1.67,3453
AKPL,7/14/2019,189,189,177,180,-6.25,5845
AKPL,7/11/2019,204,204,192,192,-1.54,20
AKPL,7/10/2019,204,204,177,195,0,26661
AKPL,7/9/2019,198,198,195,195,3.17,1010
AKPL,7/8/2019,183,189,183,189,3.85,2622
AKPL,7/7/2019,187,187,182,182,-2.67,142
AKPL,7/4/2019,187,187,183,187,-1.58,325
AKPL,7/3/2019,185,190,183,190,3.26,9108
AKPL,7/2/2019,186,187,184,184,-2.64,214
AKPL,7/1/2019,190,190,184,189,0,1955
AKPL,6/30/2019,185,189,183,189,3.28,1489
AKPL,6/27/2019,187,190,183,183,-3.68,547
AKPL,6/26/2019,185,190,185,190,4.4,2638
AKPL,6/25/2019,187,188,182,182,-4.21,921
AKPL,6/24/2019,180,190,180,190,5.56,9312
AKPL,6/23/2019,185,187,180,180,-4.26,2557
AKPL,6/20/2019,185,190,185,188,0.53,1900
AKPL,6/19/2019,177,187,177,187,3.89,381
AKPL,6/18/2019,172,183,172,180,-0.55,830
AKPL,6/17/2019,181,182,178,181,-1.63,221
AKPL,6/16/2019,181,187,181,184,0,221
AKPL,6/13/2019,184,187,184,184,-1.6,1265
AKPL,6/12/2019,188,189,187,187,-1.58,1016
AKPL,6/11/2019,194,194,188,190,-0.52,1154
AKPL,6/10/2019,191,194,191,191,-1.04,599
AKPL,6/6/2019,189,194,189,193,0.52,3591
AKPL,6/4/2019,184,192,184,192,2.67,1592
AKPL,6/3/2019,189,190,186,187,-2.6,2588
AKPL,6/2/2019,190,201,186,192,0,6704
AKPL,5/30/2019,191,195,191,192,0,2485
AKPL,5/29/2019,195,195,192,192,-3.03,3380
AKPL,5/28/2019,196,198,193,198,-1,1437
AKPL,5/27/2019,183,200,183,200,4.17,2791
AKPL,5/26/2019,201,201,190,192,-6.34,4013
AKPL,5/23/2019,220,220,197,205,-5.53,10678
AKPL,5/22/2019,201,217,201,217,9.6,26290
AKPL,5/21/2019,185,204,185,198,5.32,4286
AKPL,5/20/2019,190,190,186,188,-2.08,9209
AKPL,5/19/2019,197,197,192,192,-4,5730
AKPL,5/16/2019,194,200,191,200,2.04,9575
AKPL,5/15/2019,196,199,195,196,-2,2810
AKPL,5/14/2019,198,208,196,200,0.5,7892
AKPL,5/13/2019,191,200,183,199,5.85,7078
AKPL,5/12/2019,178,191,176,188,3.87,7419
AKPL,5/9/2019,177,181,176,181,1.12,1417
AKPL,5/8/2019,182,182,176,179,-3.24,2199
AKPL,5/7/2019,183,185,176,185,1.09,1733
AKPL,5/6/2019,176,183,176,183,2.81,4525
AKPL,5/5/2019,181,181,177,178,-3.26,801
AKPL,5/2/2019,188,194,180,184,-3.66,13329
AKPL,4/30/2019,178,194,172,191,5.52,12666
AKPL,4/28/2019,164,181,161,181,8.38,2046
AKPL,4/25/2019,173,173,167,167,-2.34,524
AKPL,4/24/2019,160,171,160,171,4.91,1576
AKPL,4/23/2019,168,168,162,163,-4.68,1382
AKPL,4/22/2019,174,174,171,171,-3.39,200
AKPL,4/21/2019,162,177,161,177,8.59,904
AKPL,4/18/2019,166,166,162,163,-3.55,623
AKPL,4/17/2019,166,169,162,169,1.81,1731
AKPL,4/16/2019,168,169,166,166,0.61,638
AKPL,4/15/2019,167,168,165,165,-2.94,210
AKPL,4/11/2019,168,171,165,170,-0.58,1456
AKPL,4/10/2019,169,177,164,171,0,2888
AKPL,4/9/2019,166,172,165,171,1.18,745
AKPL,4/8/2019,174,177,168,169,-2.87,3043
AKPL,4/7/2019,176,176,170,174,-2.79,569
AKPL,4/4/2019,179,185,176,179,-1.65,6799
AKPL,4/3/2019,178,184,175,182,0.55,3562
AKPL,4/2/2019,181,181,172,181,-1.63,195
AKPL,4/1/2019,181,187,177,184,0,5844
AKPL,3/31/2019,176,184,171,184,4.55,1698
AKPL,3/28/2019,170,176,167,176,3.53,342
AKPL,3/27/2019,169,171,166,170,0.59,305
AKPL,3/26/2019,165,170,165,169,1.2,835
AKPL,3/25/2019,167,169,164,167,0,801
AKPL,3/24/2019,170,170,167,167,-3.47,519
AKPL,3/21/2019,167,173,165,173,1.76,895
AKPL,3/19/2019,172,172,169,170,-2.86,860
AKPL,3/18/2019,179,179,175,175,-2.78,301
AKPL,3/17/2019,181,181,177,180,1.12,1669
AKPL,3/14/2019,176,180,176,178,0,364
AKPL,3/13/2019,191,193,178,178,-7.77,4298
AKPL,3/12/2019,178,190,176,184,1.66,1249
AKPL,3/11/2019,170,184,169,181,5.23,7392
AKPL,3/10/2019,166,172,166,172,2.99,579
AKPL,3/9/2019,166,172,166,172,2.99,579
AKPL,3/7/2019,160,167,158,167,5.7,1234
AKPL,3/6/2019,154,158,153,158,1.28,1040
AKPL,3/5/2019,151,161,151,156,2.63,1597
AKPL,3/3/2019,155,157,152,152,-1.94,1001
AKPL,2/27/2019,153,155,152,155,1.31,62
AKPL,2/26/2019,155,155,152,153,0.66,378
AKPL,2/25/2019,149,152,148,152,0,557
AKPL,2/24/2019,149,157,148,152,0,1018
AKPL,2/21/2019,149,152,149,152,0,275
AKPL,2/20/2019,153,156,149,152,-2.56,832
AKPL,2/19/2019,146,156,146,156,5.41,2243
AKPL,2/18/2019,153,155,148,148,-4.52,2580
AKPL,2/17/2019,160,163,155,155,-4.91,1367
AKPL,2/14/2019,169,169,162,163,-3.55,2648
AKPL,2/13/2019,170,172,166,169,-1.74,424
AKPL,2/12/2019,172,175,172,172,0,846
AKPL,2/11/2019,172,175,171,172,-1.15,1190
AKPL,2/10/2019,176,179,172,174,-2.79,1035
AKPL,2/7/2019,178,179,176,179,0,372
AKPL,2/6/2019,179,182,177,179,-1.65,539
AKPL,2/5/2019,180,183,179,182,0,485
AKPL,2/4/2019,182,183,176,182,0,728
AKPL,2/3/2019,187,187,182,182,-2.67,1703
AKPL,1/31/2019,185,187,184,187,1.08,694
AKPL,1/30/2019,184,185,182,185,0.54,838
AKPL,1/29/2019,185,185,182,184,-0.54,154
AKPL,1/28/2019,180,185,180,185,2.78,136
AKPL,1/27/2019,184,184,178,180,-2.17,1223
AKPL,1/24/2019,185,187,183,184,-0.54,402
AKPL,1/23/2019,185,186,183,185,0,307
AKPL,1/22/2019,186,186,181,185,-0.54,954
AKPL,1/21/2019,190,192,185,186,-2.11,2765
AKPL,1/20/2019,192,192,189,190,-1.04,282
AKPL,1/17/2019,187,193,185,192,2.67,458
AKPL,1/16/2019,194,197,187,187,-3.61,2662
AKPL,1/15/2019,177,194,177,194,9.6,731
AKPL,1/14/2019,185,186,177,177,-4.32,5506
AKPL,1/13/2019,184,185,182,185,0.54,110
AKPL,1/10/2019,187,187,184,184,-1.6,423
AKPL,1/9/2019,184,190,184,187,1.63,1535
AKPL,1/8/2019,184,184,181,184,0,161
AKPL,1/7/2019,183,186,182,184,0.55,349
AKPL,1/6/2019,185,185,182,183,-1.08,431
AKPL,1/3/2019,184,185,183,185,0.54,273
AKPL,1/2/2019,193,193,184,184,-4.66,689
AKPL,12/31/2018,187,193,185,193,3.21,182
AKPL,12/30/2018,192,193,187,187,-2.6,749
AKPL,12/27/2018,197,200,192,192,-2.54,1853
AKPL,12/26/2018,190,196,187,196,3.16,1584
AKPL,12/25/2018,187,190,185,190,1.6,416
AKPL,12/24/2018,196,199,187,187,-4.59,465
AKPL,12/23/2018,187,196,187,196,4.81,5199
AKPL,12/20/2018,186,198,186,188,1.08,397
AKPL,12/19/2018,186,189,183,186,0,281
AKPL,12/18/2018,185,186,183,186,0.54,711
AKPL,12/17/2018,191,191,185,185,-3.14,2312
AKPL,12/16/2018,199,199,191,191,-4.02,2196
AKPL,12/13/2018,195,199,192,199,2.05,282
AKPL,12/12/2018,192,195,191,195,1.56,183
AKPL,12/11/2018,188,192,188,192,2.13,637
AKPL,12/10/2018,187,190,187,188,0.53,1825
AKPL,12/9/2018,190,190,186,187,-1.58,302
AKPL,12/6/2018,187,190,184,190,1.6,730
AKPL,12/4/2018,187,188,185,188,0.53,654
AKPL,12/3/2018,190,192,186,187,-1.58,388
AKPL,12/2/2018,188,190,179,190,1.06,1432
AKPL,11/29/2018,188,191,188,188,0,655
AKPL,11/28/2018,190,190,187,188,-1.05,1994
AKPL,11/27/2018,189,191,187,190,0.53,1423
AKPL,11/26/2018,191,191,189,189,-1.05,346
AKPL,11/25/2018,192,193,190,191,-0.52,1360
AKPL,11/22/2018,193,193,190,192,-0.52,1229
AKPL,11/21/2018,198,198,191,193,-2.53,1259
AKPL,11/20/2018,199,200,194,198,-0.5,1150
AKPL,11/19/2018,212,212,196,199,-6.13,1462
AKPL,11/18/2018,219,219,211,212,-3.2,252
AKPL,11/15/2018,212,219,209,219,3.3,416
AKPL,11/14/2018,212,212,208,212,0,1275
AKPL,11/5/2018,220,220,209,216,-1.82,1213
AKPL,11/4/2018,222,223,215,220,-2.22,1074
AKPL,11/1/2018,227,227,223,225,-1.75,1912
AKPL,10/31/2018,230,233,229,229,-1.29,2052
AKPL,10/30/2018,231,233,230,232,0.43,756
AKPL,10/29/2018,233,235,231,231,-1.28,997
AKPL,10/28/2018,232,236,232,235,-0.42,1233
AKPL,10/25/2018,240,240,233,235,-3.69,645
AKPL,10/23/2018,232,244,226,244,5.17,1088
AKPL,10/22/2018,235,235,231,232,-0.85,440
AKPL,10/21/2018,234,238,232,234,-1.68,306
AKPL,10/15/2018,240,240,238,238,-0.83,63
AKPL,10/14/2018,239,240,235,240,2.13,145
AKPL,10/11/2018,233,240,231,235,0,1698
AKPL,10/10/2018,240,240,235,235,-3.69,1180
AKPL,10/9/2018,248,246,240,244,0,939
AKPL,10/8/2018,244,248,240,244,0,3025
AKPL,10/7/2018,241,244,238,244,0.83,828
AKPL,10/4/2018,242,248,242,242,0,943
AKPL,10/3/2018,246,249,242,242,-1.63,1286
AKPL,10/2/2018,250,254,244,246,-0.81,687
AKPL,10/1/2018,247,254,246,248,-1.2,653
AKPL,9/30/2018,250,255,248,251,-1.57,1406
AKPL,9/27/2018,269,274,250,255,-5.2,2439
AKPL,9/26/2018,264,269,260,263,1.89,432
AKPL,9/25/2018,275,275,264,264,-2.58,307
AKPL,9/23/2018,261,271,256,271,1.88,891
AKPL,9/20/2018,263,275,260,266,-0.75,9717
AKPL,9/18/2018,241,268,241,266,9.84,2746
AKPL,9/17/2018,243,247,241,244,-1.21,2601
AKPL,9/16/2018,245,260,242,247,1.23,1300
AKPL,9/13/2018,243,250,240,244,0.83,2657
AKPL,9/12/2018,241,249,240,242,-0.82,262
AKPL,9/11/2018,250,252,241,244,-0.81,918
AKPL,9/10/2018,240,246,240,246,2.5,66
AKPL,9/9/2018,242,245,234,240,-2.44,724
AKPL,9/6/2018,261,261,246,246,-3.91,1383
AKPL,9/5/2018,243,256,240,256,5.35,442
AKPL,9/4/2018,247,247,241,243,-3.19,1119
AKPL,9/3/2018,242,251,239,251,4.58,165
AKPL,9/2/2018,238,242,235,240,-0.83,1100
AKPL,8/30/2018,235,242,235,242,1.68,102
AKPL,8/29/2018,235,239,226,238,-0.42,649
AKPL,8/28/2018,245,245,232,239,-1.24,313
AKPL,8/26/2018,241,245,239,242,-1.22,463
AKPL,8/23/2018,242,245,242,245,1.24,43
AKPL,8/22/2018,244,245,242,242,0,52
AKPL,8/21/2018,244,246,242,243,-0.82,683
AKPL,8/20/2018,250,250,243,244,-1.61,817
AKPL,8/19/2018,252,252,248,248,-1.59,736
AKPL,8/16/2018,255,267,252,252,-2.33,1063
AKPL,8/15/2018,244,258,244,258,5.74,3757
AKPL,8/14/2018,245,248,243,244,-0.41,1515
AKPL,8/13/2018,250,252,245,246,-1.61,878
AKPL,8/12/2018,248,249,247,249,-0.8,381
AKPL,8/9/2018,252,252,249,251,0,1613
AKPL,8/8/2018,255,255,250,251,-0.79,658
AKPL,8/7/2018,260,260,253,253,-1.17,1796
AKPL,8/6/2018,254,257,249,256,2.4,1252
AKPL,8/5/2018,252,253,250,250,-1.96,830
AKPL,8/2/2018,255,260,252,255,1.59,1032
AKPL,8/1/2018,256,261,250,251,0,588
AKPL,7/31/2018,260,260,247,251,-1.57,377
AKPL,7/30/2018,255,255,252,255,0.39,192
AKPL,7/29/2018,252,254,252,254,0.79,454
AKPL,7/26/2018,255,255,250,252,-1.56,873
AKPL,7/25/2018,255,256,254,256,-0.78,497
AKPL,7/24/2018,257,262,257,258,0.39,393
AKPL,7/23/2018,254,257,253,257,1.98,896
AKPL,7/22/2018,250,255,250,252,-1.18,220
AKPL,7/19/2018,255,258,254,255,-1.92,1251
AKPL,7/18/2018,256,260,256,260,0,149
AKPL,7/17/2018,255,260,255,260,0,52
AKPL,7/16/2018,257,260,255,260,1.17,415
AKPL,7/15/2018,248,257,248,257,2.8,2540
AKPL,7/12/2018,260,260,250,250,-4.21,1595
AKPL,7/11/2018,259,266,258,261,1.16,933
AKPL,7/10/2018,258,269,257,258,-1.53,1384
AKPL,7/9/2018,268,271,260,263,-2.24,3034
AKPL,7/8/2018,274,281,263,268,-2.19,4705
AKPL,7/5/2018,266,274,261,274,4.98,4198
AKPL,7/4/2018,250,266,248,261,2.35,1428
AKPL,7/3/2018,264,264,252,255,-3.04,1738
AKPL,7/2/2018,259,263,251,263,-0.38,1340
AKPL,7/1/2018,260,266,260,264,-0.38,3222
AKPL,6/28/2018,272,272,265,267,-2.57,3924
AKPL,6/27/2018,265,275,265,272,0.74,963
AKPL,6/26/2018,276,276,270,271,-1.46,1612
AKPL,6/25/2018,282,282,270,274,-2.84,1110
AKPL,6/24/2018,287,287,282,282,-3.42,918
AKPL,6/21/2018,277,292,277,292,3.55,125
AKPL,6/20/2018,285,285,282,282,-1.4,596
AKPL,6/19/2018,296,296,285,286,-1.72,562
AKPL,6/18/2018,287,291,281,288,1.39,603
AKPL,6/17/2018,295,300,279,287,-1.71,756
AKPL,6/14/2018,283,305,283,292,3.18,3089
AKPL,6/13/2018,290,290,280,283,-2.41,523
AKPL,6/12/2018,281,290,276,290,1.4,819
AKPL,6/11/2018,285,291,280,286,-1.38,2101
AKPL,6/10/2018,294,298,287,290,0.35,538
AKPL,6/7/2018,289,289,282,289,-1.7,4339
AKPL,6/6/2018,289,304,289,294,3.52,961
AKPL,6/4/2018,288,289,283,284,-1.39,1133
AKPL,6/3/2018,295,295,281,288,-4,4620
AKPL,5/31/2018,305,305,294,300,-1.32,2706
AKPL,5/30/2018,310,316,304,304,-0.33,628
AKPL,5/29/2018,312,312,305,305,-3.17,3234
AKPL,5/28/2018,300,315,295,315,5,1667
AKPL,5/27/2018,302,306,300,300,-2.6,3135
AKPL,5/24/2018,305,310,300,308,0.98,900
AKPL,5/23/2018,309,309,305,305,-1.29,881
AKPL,5/22/2018,308,312,308,309,-0.64,2102
AKPL,5/21/2018,307,312,307,311,0,840
AKPL,5/20/2018,315,321,308,311,0,2774
AKPL,5/17/2018,320,326,310,311,-0.96,2033
AKPL,5/16/2018,312,315,306,314,0.96,2397
AKPL,5/15/2018,320,320,311,311,-0.96,1279
AKPL,5/14/2018,317,317,305,313,-2.79,1876
AKPL,5/10/2018,320,326,314,323,0.94,3467
AKPL,5/9/2018,322,326,315,320,-0.62,2692
AKPL,5/8/2018,315,322,311,322,3.21,3454
AKPL,5/7/2018,314,322,310,312,-0.64,9012
AKPL,5/6/2018,318,321,306,314,-3.09,2314
AKPL,5/3/2018,327,335,321,324,0.93,5461
AKPL,5/2/2018,325,325,314,321,-1.23,963
AKPL,4/29/2018,316,325,310,325,2.85,7009
AKPL,4/26/2018,329,330,314,316,-5.39,5745
AKPL,4/25/2018,327,340,321,334,0.3,5874
AKPL,4/24/2018,337,349,326,333,-2.91,7518
AKPL,4/23/2018,336,349,313,343,3.94,19600
AKPL,4/22/2018,300,330,306,330,10,16988
AKPL,4/19/2018,296,305,286,300,3.09,17076
AKPL,4/18/2018,269,301,269,291,6.2,7701
AKPL,4/17/2018,265,284,264,274,3.4,5001
AKPL,4/16/2018,245,270,245,265,6,3553
AKPL,4/15/2018,249,250,245,250,0.4,793
AKPL,4/12/2018,245,256,245,249,1.63,1178
AKPL,4/11/2018,241,248,237,245,0,645
AKPL,4/10/2018,245,250,242,245,-2,3483
AKPL,4/9/2018,266,271,248,250,-4.21,6422
AKPL,4/8/2018,241,261,241,261,9.66,3470
AKPL,4/5/2018,240,248,236,238,0.85,1888
AKPL,4/4/2018,229,236,229,236,4.89,1033
AKPL,4/3/2018,230,230,225,225,-0.88,446
AKPL,4/2/2018,236,236,225,227,-2.16,1187
AKPL,4/1/2018,231,235,219,232,-1.28,2310
AKPL,3/29/2018,223,235,223,232,5.38,1353
AKPL,3/28/2018,228,228,220,223,-3.46,951
AKPL,3/27/2018,223,231,212,231,1.76,1880
AKPL,3/26/2018,231,231,226,227,-3.4,1404
AKPL,3/22/2018,234,237,230,235,-1.26,2077
AKPL,3/21/2018,237,239,233,238,-0.83,1483
AKPL,3/20/2018,245,246,240,241,-2.04,2751
AKPL,3/19/2018,253,253,244,245,-5.04,1016
AKPL,3/18/2018,253,258,250,258,0,1337
AKPL,3/15/2018,259,259,258,258,1.57,513
AKPL,3/14/2018,249,257,249,254,0.79,748
AKPL,3/13/2018,248,252,248,252,0.8,435
AKPL,3/12/2018,252,251,243,250,-0.79,1707
AKPL,3/11/2018,269,265,250,252,-6.32,5178
AKPL,3/7/2018,256,271,256,269,3.07,717
AKPL,3/6/2018,252,261,251,261,2.35,5031
AKPL,3/4/2018,285,285,261,273,-5.86,3241
AKPL,2/28/2018,300,301,285,290,-4.61,8975
AKPL,2/27/2018,302,310,301,304,-0.65,2068
AKPL,2/26/2018,309,310,305,306,-2.86,3368
AKPL,2/25/2018,312,318,312,316,-0.63,357
AKPL,2/22/2018,313,320,313,318,-0.31,1253
AKPL,2/21/2018,313,319,313,319,0.31,156
AKPL,2/20/2018,329,329,314,318,-5.07,2435
AKPL,2/18/2018,329,335,335,335,1.82,10
AKPL,2/15/2018,333,333,317,329,0,3802
AKPL,2/14/2018,317,329,313,329,2.17,5369
AKPL,2/12/2018,319,322,316,322,-0.92,2380
AKPL,2/11/2018,315,325,315,324,1.25,2621
AKPL,2/8/2018,332,332,317,321,-2.43,1419
AKPL,2/7/2018,315,329,315,329,3.13,203
AKPL,2/6/2018,324,325,319,319,-2.45,4833
AKPL,2/5/2018,330,330,326,328,-2.1,9369
AKPL,2/4/2018,329,337,329,334,-0.3,2004
AKPL,2/1/2018,338,343,331,335,0,461
AKPL,1/31/2018,335,335,332,335,0.9,1510
AKPL,1/29/2018,328,332,328,332,-0.6,423
AKPL,1/28/2018,334,344,328,334,-1.76,917
AKPL,1/25/2018,330,340,330,339,1.49,1334
AKPL,1/24/2018,330,335,329,335,1.52,732
AKPL,1/23/2018,330,337,325,330,-1.2,1780
AKPL,1/22/2018,327,334,327,334,0.6,1374
AKPL,1/21/2018,338,338,331,332,-0.89,2711
AKPL,1/17/2018,335,337,333,336,-0.59,2038
AKPL,1/16/2018,335,340,332,337,-1.17,991
AKPL,1/14/2018,339,341,333,341,-0.29,1078
AKPL,1/10/2018,340,346,337,342,0.59,828
AKPL,1/9/2018,341,345,335,340,-0.29,1199
AKPL,1/8/2018,335,342,335,341,0.59,235
AKPL,1/7/2018,340,344,338,340,-0.88,1013
AKPL,1/4/2018,340,342,338,342,1.48,1449
AKPL,1/3/2018,343,343,333,337,-1.75,3199
AKPL,1/2/2018,340,346,337,343,0.59,1127
AKPL,1/1/2018,335,347,334,341,1.79,1358
AKPL,12/31/2017,335,339,332,335,-1.76,2374
AKPL,12/28/2017,340,341,334,341,-1.45,961
AKPL,12/27/2017,341,346,326,346,1.47,1892
AKPL,12/26/2017,352,352,338,341,-2.01,3621
AKPL,12/24/2017,349,351,346,348,-0.57,466
AKPL,12/21/2017,352,362,346,350,-1.69,3925
AKPL,12/20/2017,352,358,351,356,-0.56,1458
AKPL,12/19/2017,360,360,351,358,-0.56,3355
AKPL,12/18/2017,365,368,359,360,0,4378
AKPL,12/17/2017,354,360,354,360,0,1060
AKPL,12/14/2017,357,370,357,361,-0.82,187
AKPL,12/13/2017,356,367,356,364,0.55,2390
AKPL,12/12/2017,373,373,359,362,-2.16,2947
AKPL,12/11/2017,360,374,355,370,0.82,1935
AKPL,12/10/2017,379,379,365,367,-1.34,1943
AKPL,12/6/2017,355,372,355,372,4.49,13162
AKPL,12/5/2017,351,360,351,356,-0.56,1846
AKPL,12/4/2017,372,372,344,358,-1.92,6724
AKPL,11/30/2017,347,365,344,365,3.11,5588
AKPL,11/29/2017,354,369,353,355,1.72,9802
AKPL,11/28/2017,344,358,344,348,-0.85,695
AKPL,11/27/2017,347,361,336,351,-0.85,4960
AKPL,11/26/2017,353,364,347,354,0.28,3578
AKPL,11/23/2017,343,353,343,353,2.92,5691
AKPL,11/22/2017,351,353,334,343,-2.28,2724
AKPL,11/21/2017,331,351,330,351,4.46,7667
AKPL,11/20/2017,330,338,330,336,0.3,2051
AKPL,11/19/2017,332,340,326,335,0.9,45210
AKPL,11/16/2017,331,343,327,332,-1.48,2407
AKPL,11/15/2017,342,342,332,337,-2.6,2178
AKPL,11/14/2017,340,348,334,346,1.17,8731
AKPL,11/13/2017,327,342,321,342,4.59,2082
AKPL,11/12/2017,326,330,324,327,0.31,1146
AKPL,11/9/2017,320,338,320,326,1.24,3682
AKPL,11/8/2017,330,330,319,322,-2.42,1927
AKPL,11/7/2017,320,330,320,330,1.23,982
AKPL,11/6/2017,325,331,322,326,0.31,2142
AKPL,11/5/2017,321,325,321,325,-0.61,1982
AKPL,11/2/2017,323,331,323,327,-0.61,1048
AKPL,11/1/2017,337,338,328,330,-1.5,2946
AKPL,10/31/2017,332,335,327,334,0.6,1710
AKPL,10/30/2017,335,335,330,332,-0.89,5677
AKPL,10/29/2017,335,346,333,335,-0.89,1668
AKPL,10/25/2017,338,344,335,338,-1.74,2006
AKPL,10/24/2017,342,346,340,344,0.58,779
AKPL,10/23/2017,351,355,340,342,-2.56,2467
AKPL,10/22/2017,335,351,335,344,6.69,6572
AKPL,10/18/2017,322,329,317,329,0.3,215
AKPL,10/17/2017,321,338,321,328,0.61,1323
AKPL,10/16/2017,320,336,320,326,0.31,389
AKPL,10/15/2017,315,325,315,325,1.56,1226
AKPL,10/12/2017,320,324,317,320,-1.54,4026
AKPL,10/11/2017,317,326,317,325,0.62,277
AKPL,10/10/2017,312,323,312,323,1.57,1247
AKPL,10/9/2017,317,319,315,319,0.31,2361
AKPL,10/8/2017,326,326,315,317,-4.52,1817
AKPL,10/4/2017,346,346,330,332,-2.35,2804
AKPL,9/26/2017,340,341,330,340,0,3344
AKPL,9/25/2017,340,343,339,341,1.49,1680
AKPL,9/24/2017,328,337,328,335,0.6,779
AKPL,9/20/2017,330,336,326,333,-0.89,1664
AKPL,9/18/2017,346,346,334,336,-1.18,1968
AKPL,9/17/2017,345,350,340,340,-0.58,4138
AKPL,9/14/2017,324,342,324,342,3.64,2678
AKPL,9/13/2017,327,335,326,330,0,2061
AKPL,9/12/2017,335,339,326,330,-1.49,3991
AKPL,9/11/2017,327,340,326,335,0.9,2600
AKPL,9/10/2017,342,342,330,332,-4.6,9243
AKPL,9/7/2017,346,352,346,348,-0.57,6831
AKPL,9/6/2017,367,365,346,350,-3.31,5791
AKPL,9/4/2017,355,362,345,360,2.26,5940
AKPL,8/31/2017,360,358,350,354,-1.67,6893
AKPL,8/30/2017,362,368,360,361,-2.17,2199
AKPL,8/28/2017,382,391,358,368,-2.64,6756
AKPL,8/27/2017,372,378,350,378,1.61,9008
AKPL,8/24/2017,357,372,351,372,4.2,4775
AKPL,8/23/2017,353,362,353,357,-0.83,10457
AKPL,8/22/2017,359,380,352,359,-1.64,2835
AKPL,8/21/2017,356,366,350,366,1.1,6837
AKPL,8/20/2017,370,370,356,362,-1.63,5245
AKPL,8/17/2017,368,375,364,368,-1.87,13588
AKPL,8/16/2017,370,387,370,375,2.18,5715
AKPL,8/15/2017,387,387,367,367,-3.67,5051
AKPL,8/13/2017,400,400,376,381,-3.05,5335
AKPL,8/10/2017,392,400,392,393,-1.75,8529
AKPL,8/9/2017,405,405,397,400,-1.48,11476
AKPL,8/7/2017,410,410,405,406,-0.25,3067
AKPL,8/6/2017,402,411,402,407,-0.73,3548
AKPL,8/3/2017,411,418,404,410,-0.24,3902
AKPL,8/2/2017,416,416,408,411,-2.14,4182
AKPL,8/1/2017,410,420,404,420,0.48,6928
AKPL,7/31/2017,400,423,400,418,2.7,8062
AKPL,7/30/2017,419,418,407,408,-1.21,11606
AKPL,7/27/2017,412,414,409,412,-0.72,3964
AKPL,7/26/2017,415,416,410,415,0.97,6045
AKPL,7/25/2017,404,423,404,411,-0.24,3866
AKPL,7/24/2017,413,423,411,412,-0.96,9148
AKPL,7/23/2017,411,425,411,416,-0.24,5856
AKPL,7/20/2017,420,422,415,417,0,5106
AKPL,7/19/2017,435,435,417,417,-3.92,10705
AKPL,7/18/2017,420,441,405,434,5.34,9889
AKPL,7/17/2017,407,416,407,412,-0.72,7175
AKPL,7/16/2017,401,415,401,415,1.47,5459
AKPL,7/13/2017,405,413,405,409,-0.24,2146
AKPL,7/12/2017,410,414,410,412,-1.68,3492
AKPL,7/11/2017,415,417,408,417,0.48,4924
AKPL,7/10/2017,425,425,401,415,-2.35,32236
AKPL,7/9/2017,425,430,408,425,0,5553
AKPL,7/6/2017,409,425,409,425,1.92,1898
AKPL,7/5/2017,406,417,405,417,1.96,3711
AKPL,7/4/2017,400,412,400,409,0.74,1815
AKPL,7/3/2017,408,418,405,406,-0.98,5055
AKPL,7/2/2017,419,420,405,410,-2.61,3952
AKPL,6/28/2017,421,425,417,421,-1.86,1161
AKPL,6/27/2017,439,439,427,429,-2.05,2938
AKPL,6/25/2017,418,439,418,437,4.78,5526
AKPL,6/22/2017,420,420,415,418,0.48,2909
AKPL,6/21/2017,410,416,406,416,0.97,8927
AKPL,6/20/2017,400,421,400,412,1.73,4359
AKPL,6/19/2017,413,418,405,405,-3.11,4938
AKPL,6/18/2017,434,435,415,418,-3.69,2107
AKPL,6/15/2017,423,434,417,434,0.93,6410
AKPL,6/14/2017,415,430,415,430,1.9,4893
AKPL,6/13/2017,416,430,416,422,0,7280
AKPL,6/12/2017,422,435,416,422,-1.86,10653
AKPL,6/11/2017,445,445,429,430,-4.02,13870
AKPL,6/8/2017,449,449,437,447,0.22,9330
AKPL,6/7/2017,448,455,446,447,-2.19,11678
AKPL,6/6/2017,441,463,441,457,1.56,5992
AKPL,6/5/2017,445,455,443,450,0,5406
AKPL,6/4/2017,452,459,444,450,-2.17,8662
AKPL,6/1/2017,460,462,454,460,0,7009
AKPL,5/31/2017,460,469,451,460,0,8876
AKPL,5/30/2017,462,469,450,460,-1.5,11667
AKPL,5/28/2017,475,475,461,467,-0.64,7736
AKPL,5/24/2017,468,482,460,470,0.43,9904
AKPL,5/23/2017,465,483,465,468,-0.85,11209
AKPL,5/22/2017,475,479,460,472,-2.48,8730
AKPL,5/21/2017,481,485,465,484,-1.22,11480
AKPL,5/18/2017,481,493,473,490,1.87,25777
AKPL,5/17/2017,472,484,472,480,0.21,14404
AKPL,5/16/2017,472,485,472,480,0.63,12819
AKPL,5/15/2017,485,493,475,477,-1.65,20965
AKPL,5/11/2017,470,503,466,485,3.85,53131
AKPL,5/9/2017,444,474,441,467,5.18,48134
AKPL,5/8/2017,432,448,432,444,1.14,24419
AKPL,5/7/2017,450,450,437,439,-1.79,29759
AKPL,5/4/2017,438,450,435,447,2.05,51497
AKPL,5/3/2017,452,457,436,438,-1.35,24825
AKPL,5/2/2017,445,455,434,444,-0.22,30617
AKPL,4/30/2017,460,460,438,445,-3.47,52492
AKPL,4/27/2017,433,469,425,461,4.54,45822
AKPL,4/26/2017,403,448,403,441,8.09,35032
AKPL,4/25/2017,394,418,393,408,1.49,39076
AKPL,4/24/2017,403,408,385,402,-2.19,53027
AKPL,4/23/2017,400,432,383,411,4.33,99212
AKPL,4/19/2017,358,393,365,393,9.78,10034
AKPL,4/18/2017,332,358,332,358,9.82,31151
AKPL,4/16/2017,297,326,297,326,0,9361
